Device Name,3550FW - 3103360
Device Model,3550FW
Serial Number,3103360
FORMATTED DATE_TIME,Temperature,Wet Bulb Temp,Relative Humidity,Barometric Pressure,Altitude,Station Pressure,Wind Speed,Heat Index,Dew Point,Compass Magnetic Direction,Wind Chill,Data Type,Record name,Start time,Duration (H:M:S),Location description,Location address,Location coordinates,Notes
yyyy-MM-dd hh:mm:ss a,°F,°F,%,inHg,ft,inHg,mph,°F,°F,Deg,°F
2025-10-26 01:20:43 PM,59.7,44.9,--,--,29.15,1.4,264,session,"Session - Oct 26, 2025 1:20:43 PM",2025-10-26 01:20:43 PM 1:20:43 PM,00:16:04,,,,
2025-10-26 01:20:44 PM,59.7,48.7,44.8,29.15,725,29.15,0.0,56.3,38.3,264,59.5,session,"Session - Oct 26, 2025 1:20:43 PM",2025-10-26 01:20:43 PM 1:20:43 PM,00:16:04,,,,
2025-10-26 01:20:48 PM,59.6,48.7,44.8,29.15,725,29.15,2.6,56.3,38.2,264,59.5,session,"Session - Oct 26, 2025 1:20:43 PM",2025-10-26 01:20:43 PM 1:20:43 PM,00:16:04,,,,
2025-10-26 01:20:50 PM,59.7,48.7,44.8,29.15,725,29.15,4.3,56.3,38.2,264,59.5,session,"Session - Oct 26, 2025 1:20:43 PM",2025-10-26 01:20:43 PM 1:20:43 PM,00:16:04,,,,
2025-10-26 01:20:55 PM,59.8,48.7,44.7,29.15,725,29.15,2.3,56.3,38.2,264,58.8,session,"Session - Oct 26, 2025 1:20:43 PM",2025-10-26 01:20:43 PM 1:20:43 PM,00:16:04,,,,
2025-10-26 01:21:00 PM,60.0,48.9,44.7,29.15,725,29.15,1.0,56.5,38.3,264,59.7,session,"Session - Oct 26, 2025 1:20:43 PM",2025-10-26 01:20:43 PM 1:20:43 PM,00:16:04,,,,
2025-10-26 01:21:05 PM,60.2,48.9,44.7,29.15,728,29.15,0.0,56.6,38.4,264,59.9,session,"Session - Oct 26, 2025 1:20:43 PM",2025-10-26 01:20:43 PM 1:20:43 PM,00:16:04,,,,
2025-10-26 01:21:10 PM,60.2,49.1,44.7,29.15,728,29.15,1.6,56.8,38.6,264,60.1,session,"Session - Oct 26, 2025 1:20:43 PM",2025-10-26 01:20:43 PM 1:20:43 PM,00:16:04,,,,
2025-10-26 01:21:15 PM,60.4,49.1,44.7,29.15,725,29.15,1.2,56.8,38.7,264,60.2,session,"Session - Oct 26, 2025 1:20:43 PM",2025-10-26 01:20:43 PM 1:20:43 PM,00:16:04,,,,
2025-10-26 01:21:20 PM,60.4,49.1,44.6,29.15,728,29.15,1.2,56.8,38.8,264,60.2,session,"Session - Oct 26, 2025 1:20:43 PM",2025-10-26 01:20:43 PM 1:20:43 PM,00:16:04,,,,
2025-10-26 01:21:25 PM,60.4,49.1,44.5,29.15,722,29.15,1.2,56.8,38.7,264,60.2,session,"Session - Oct 26, 2025 1:20:43 PM",2025-10-26 01:20:43 PM 1:20:43 PM,00:16:04,,,,
2025-10-26 01:21:30 PM,60.1,49.1,44.4,29.15,725,29.15,2.8,56.8,38.7,264,60.2,session,"Session - Oct 26, 2025 1:20:43 PM",2025-10-26 01:20:43 PM 1:20:43 PM,00:16:04,,,,
2025-10-26 01:21:35 PM,59.5,48.9,44.3,29.15,725,29.15,3.3,56.8,38.4,264,60.1,session,"Session - Oct 26, 2025 1:20:43 PM",2025-10-26 01:20:43 PM 1:20:43 PM,00:16:04,,,,
2025-10-26 01:21:40 PM,59.6,48.4,44.3,29.15,722,29.16,4.7,56.1,37.8,264,59.3,session,"Session - Oct 26, 2025 1:20:43 PM",2025-10-26 01:20:43 PM 1:20:43 PM,00:16:04,,,,
2025-10-26 01:21:45 PM,59.5,48.4,44.3,29.16,720,29.16,6.6,56.3,37.8,264,58.6,session,"Session - Oct 26, 2025 1:20:43 PM",2025-10-26 01:20:43 PM 1:20:43 PM,00:16:04,,,,
2025-10-26 01:21:50 PM,59.6,48.4,44.3,29.16,717,29.16,4.3,56.1,37.8,264,57.7,session,"Session - Oct 26, 2025 1:20:43 PM",2025-10-26 01:20:43 PM 1:20:43 PM,00:16:04,,,,
2025-10-26 01:21:55 PM,59.4,48.4,44.2,29.16,722,29.15,3.2,56.3,37.8,264,58.8,session,"Session - Oct 26, 2025 1:20:43 PM",2025-10-26 01:20:43 PM 1:20:43 PM,00:16:04,,,,
2025-10-26 01:22:00 PM,59.1,48.2,44.1,29.15,722,29.16,4.6,56.1,37.6,264,59.3,session,"Session - Oct 26, 2025 1:20:43 PM",2025-10-26 01:20:43 PM 1:20:43 PM,00:16:04,,,,
2025-10-26 01:22:05 PM,58.9,48.0,44.0,29.16,722,29.15,3.2,55.7,37.3,264,58.1,session,"Session - Oct 26, 2025 1:20:43 PM",2025-10-26 01:20:43 PM 1:20:43 PM,00:16:04,,,,
2025-10-26 01:22:10 PM,59.1,47.8,44.0,29.15,725,29.15,0.0,55.6,37.0,264,58.8,session,"Session - Oct 26, 2025 1:20:43 PM",2025-10-26 01:20:43 PM 1:20:43 PM,00:16:04,,,,
2025-10-26 01:22:15 PM,59.4,48.0,44.0,29.15,725,29.15,1.5,55.7,37.2,264,59.0,session,"Session - Oct 26, 2025 1:20:43 PM",2025-10-26 01:20:43 PM 1:20:43 PM,00:16:04,,,,
2025-10-26 01:22:20 PM,59.7,48.2,44.2,29.15,725,29.15,0.7,56.1,37.6,264,59.3,session,"Session - Oct 26, 2025 1:20:43 PM",2025-10-26 01:20:43 PM 1:20:43 PM,00:16:04,,,,
2025-10-26 01:22:25 PM,59.8,48.5,44.3,29.15,725,29.15,0.0,56.3,37.9,264,59.5,session,"Session - Oct 26, 2025 1:20:43 PM",2025-10-26 01:20:43 PM 1:20:43 PM,00:16:04,,,,
2025-10-26 01:22:30 PM,59.9,48.5,44.3,29.15,722,29.15,6.4,56.5,38.0,264,59.7,session,"Session - Oct 26, 2025 1:20:43 PM",2025-10-26 01:20:43 PM 1:20:43 PM,00:16:04,,,,
2025-10-26 01:22:35 PM,59.7,48.7,44.3,29.15,722,29.15,1.1,56.5,38.1,264,58.3,session,"Session - Oct 26, 2025 1:20:43 PM",2025-10-26 01:20:43 PM 1:20:43 PM,00:16:04,,,,
2025-10-26 01:22:40 PM,59.5,48.5,44.2,29.15,722,29.16,1.4,56.3,37.9,264,59.5,session,"Session - Oct 26, 2025 1:20:43 PM",2025-10-26 01:20:43 PM 1:20:43 PM,00:16:04,,,,
2025-10-26 01:22:45 PM,59.6,48.4,44.2,29.16,722,29.16,3.2,56.3,37.8,264,59.5,session,"Session - Oct 26, 2025 1:20:43 PM",2025-10-26 01:20:43 PM 1:20:43 PM,00:16:04,,,,
2025-10-26 01:22:50 PM,59.7,48.4,44.3,29.16,720,29.16,3.2,56.3,37.8,264,59.5,session,"Session - Oct 26, 2025 1:20:43 PM",2025-10-26 01:20:43 PM 1:20:43 PM,00:16:04,,,,
2025-10-26 01:22:55 PM,59.8,48.5,44.3,29.16,720,29.16,3.9,56.3,37.9,264,59.5,session,"Session - Oct 26, 2025 1:20:43 PM",2025-10-26 01:20:43 PM 1:20:43 PM,00:16:04,,,,
2025-10-26 01:23:00 PM,59.8,48.7,44.2,29.16,720,29.16,1.2,56.5,38.1,264,59.3,session,"Session - Oct 26, 2025 1:20:43 PM",2025-10-26 01:20:43 PM 1:20:43 PM,00:16:04,,,,
2025-10-26 01:23:05 PM,60.0,48.7,44.2,29.16,720,29.16,2.8,56.5,38.0,264,59.7,session,"Session - Oct 26, 2025 1:20:43 PM",2025-10-26 01:20:43 PM 1:20:43 PM,00:16:04,,,,
2025-10-26 01:23:10 PM,59.8,48.7,44.2,29.16,720,29.16,2.8,56.6,38.1,264,59.9,session,"Session - Oct 26, 2025 1:20:43 PM",2025-10-26 01:20:43 PM 1:20:43 PM,00:16:04,,,,
2025-10-26 01:23:15 PM,59.4,48.5,44.2,29.16,720,29.16,5.3,56.5,37.9,264,59.7,session,"Session - Oct 26, 2025 1:20:43 PM",2025-10-26 01:20:43 PM 1:20:43 PM,00:16:04,,,,
2025-10-26 01:23:20 PM,59.2,48.2,44.1,29.16,717,29.16,7.9,56.1,37.6,264,58.3,session,"Session - Oct 26, 2025 1:20:43 PM",2025-10-26 01:20:43 PM 1:20:43 PM,00:16:04,,,,
2025-10-26 01:23:25 PM,59.4,48.0,44.2,29.16,713,29.16,6.7,55.9,37.4,264,57.0,session,"Session - Oct 26, 2025 1:20:43 PM",2025-10-26 01:20:43 PM 1:20:43 PM,00:16:04,,,,
2025-10-26 01:23:30 PM,59.7,48.2,44.2,29.16,713,29.17,2.1,56.1,37.6,264,57.7,session,"Session - Oct 26, 2025 1:20:43 PM",2025-10-26 01:20:43 PM 1:20:43 PM,00:16:04,,,,
2025-10-26 01:23:35 PM,59.8,48.5,44.3,29.17,713,29.16,4.9,56.3,37.9,264,59.5,session,"Session - Oct 26, 2025 1:20:43 PM",2025-10-26 01:20:43 PM 1:20:43 PM,00:16:04,,,,
2025-10-26 01:23:40 PM,59.5,48.7,44.3,29.16,713,29.17,5.0,56.5,38.0,264,58.8,session,"Session - Oct 26, 2025 1:20:43 PM",2025-10-26 01:20:43 PM 1:20:43 PM,00:16:04,,,,
2025-10-26 01:23:45 PM,59.7,48.4,44.2,29.17,713,29.17,5.8,56.3,37.8,264,58.6,session,"Session - Oct 26, 2025 1:20:43 PM",2025-10-26 01:20:43 PM 1:20:43 PM,00:16:04,,,,
2025-10-26 01:23:50 PM,59.6,48.5,44.4,29.17,710,29.17,7.3,56.3,37.9,264,58.3,session,"Session - Oct 26, 2025 1:20:43 PM",2025-10-26 01:20:43 PM 1:20:43 PM,00:16:04,,,,
2025-10-26 01:23:55 PM,59.6,48.5,44.5,29.17,710,29.17,6.7,56.3,37.9,264,57.7,session,"Session - Oct 26, 2025 1:20:43 PM",2025-10-26 01:20:43 PM 1:20:43 PM,00:16:04,,,,
2025-10-26 01:24:00 PM,59.6,48.5,44.7,29.17,709,29.17,7.0,56.3,37.9,264,57.9,session,"Session - Oct 26, 2025 1:20:43 PM",2025-10-26 01:20:43 PM 1:20:43 PM,00:16:04,,,,
2025-10-26 01:24:05 PM,59.7,48.5,44.8,29.17,706,29.17,7.6,56.3,38.1,264,57.9,session,"Session - Oct 26, 2025 1:20:43 PM",2025-10-26 01:20:43 PM 1:20:43 PM,00:16:04,,,,
2025-10-26 01:24:10 PM,59.7,48.7,45.1,29.17,706,29.17,8.0,56.5,38.3,264,57.7,session,"Session - Oct 26, 2025 1:20:43 PM",2025-10-26 01:20:43 PM 1:20:43 PM,00:16:04,,,,
2025-10-26 01:24:15 PM,59.8,48.7,45.1,29.17,709,29.17,6.9,56.6,38.4,264,57.7,session,"Session - Oct 26, 2025 1:20:43 PM",2025-10-26 01:20:43 PM 1:20:43 PM,00:16:04,,,,
2025-10-26 01:24:20 PM,60.0,48.7,45.1,29.17,706,29.17,3.5,56.6,38.5,264,58.1,session,"Session - Oct 26, 2025 1:20:43 PM",2025-10-26 01:20:43 PM 1:20:43 PM,00:16:04,,,,
2025-10-26 01:24:25 PM,59.9,48.9,45.0,29.17,710,29.17,1.5,56.8,38.6,264,59.9,session,"Session - Oct 26, 2025 1:20:43 PM",2025-10-26 01:20:43 PM 1:20:43 PM,00:16:04,,,,
2025-10-26 01:24:30 PM,59.8,48.9,45.0,29.17,709,29.17,0.0,56.6,38.5,264,59.7,session,"Session - Oct 26, 2025 1:20:43 PM",2025-10-26 01:20:43 PM 1:20:43 PM,00:16:04,,,,
2025-10-26 01:24:35 PM,60.0,48.9,45.0,29.17,710,29.17,4.0,56.5,38.4,264,59.7,session,"Session - Oct 26, 2025 1:20:43 PM",2025-10-26 01:20:43 PM 1:20:43 PM,00:16:04,,,,
2025-10-26 01:24:40 PM,59.9,49.1,45.2,29.17,710,29.17,2.8,56.8,38.6,264,59.5,session,"Session - Oct 26, 2025 1:20:43 PM",2025-10-26 01:20:43 PM 1:20:43 PM,00:16:04,,,,
2025-10-26 01:24:45 PM,60.0,48.9,45.2,29.17,709,29.17,1.1,56.8,38.7,264,59.9,session,"Session - Oct 26, 2025 1:20:43 PM",2025-10-26 01:20:43 PM 1:20:43 PM,00:16:04,,,,
2025-10-26 01:24:50 PM,59.7,49.1,45.3,29.17,709,29.17,3.3,56.8,38.8,264,59.9,session,"Session - Oct 26, 2025 1:20:43 PM",2025-10-26 01:20:43 PM 1:20:43 PM,00:16:04,,,,
2025-10-26 01:24:55 PM,59.4,48.9,45.2,29.17,706,29.17,3.8,56.6,38.6,264,59.7,session,"Session - Oct 26, 2025 1:20:43 PM",2025-10-26 01:20:43 PM 1:20:43 PM,00:16:04,,,,
2025-10-26 01:25:00 PM,59.4,48.5,45.1,29.17,706,29.17,4.3,56.3,38.2,264,59.2,session,"Session - Oct 26, 2025 1:20:43 PM",2025-10-26 01:20:43 PM 1:20:43 PM,00:16:04,,,,
2025-10-26 01:25:05 PM,59.5,48.5,45.0,29.17,706,29.17,5.5,56.3,38.1,264,58.6,session,"Session - Oct 26, 2025 1:20:43 PM",2025-10-26 01:20:43 PM 1:20:43 PM,00:16:04,,,,
2025-10-26 01:25:10 PM,59.4,48.5,45.0,29.17,706,29.18,7.1,56.3,38.1,264,58.3,session,"Session - Oct 26, 2025 1:20:43 PM",2025-10-26 01:20:43 PM 1:20:43 PM,00:16:04,,,,
2025-10-26 01:25:15 PM,59.3,48.5,45.1,29.18,706,29.18,6.7,56.3,38.1,264,57.5,session,"Session - Oct 26, 2025 1:20:43 PM",2025-10-26 01:20:43 PM 1:20:43 PM,00:16:04,,,,
2025-10-26 01:25:20 PM,59.3,48.5,45.2,29.18,706,29.18,4.1,56.1,38.0,264,57.5,session,"Session - Oct 26, 2025 1:20:43 PM",2025-10-26 01:20:43 PM 1:20:43 PM,00:16:04,,,,
2025-10-26 01:25:25 PM,59.2,48.5,45.3,29.18,703,29.18,4.1,56.1,38.1,264,58.6,session,"Session - Oct 26, 2025 1:20:43 PM",2025-10-26 01:20:43 PM 1:20:43 PM,00:16:04,,,,
2025-10-26 01:25:30 PM,59.5,48.4,45.4,29.18,703,29.18,5.3,55.9,38.0,264,58.4,session,"Session - Oct 26, 2025 1:20:43 PM",2025-10-26 01:20:43 PM 1:20:43 PM,00:16:04,,,,
2025-10-26 01:25:35 PM,59.8,48.7,45.5,29.18,703,29.18,4.6,56.3,38.4,264,58.3,session,"Session - Oct 26, 2025 1:20:43 PM",2025-10-26 01:20:43 PM 1:20:43 PM,00:16:04,,,,
2025-10-26 01:25:40 PM,59.6,48.9,45.6,29.18,701,29.18,4.5,56.6,38.7,264,59.0,session,"Session - Oct 26, 2025 1:20:43 PM",2025-10-26 01:20:43 PM 1:20:43 PM,00:16:04,,,,
2025-10-26 01:25:45 PM,59.5,48.9,45.6,29.18,703,29.18,2.3,56.5,38.6,264,58.8,session,"Session - Oct 26, 2025 1:20:43 PM",2025-10-26 01:20:43 PM 1:20:43 PM,00:16:04,,,,
2025-10-26 01:25:50 PM,59.8,48.7,45.5,29.18,701,29.18,6.4,56.3,38.5,264,59.3,session,"Session - Oct 26, 2025 1:20:43 PM",2025-10-26 01:20:43 PM 1:20:43 PM,00:16:04,,,,
2025-10-26 01:25:55 PM,60.0,48.9,45.5,29.18,698,29.18,2.2,56.6,38.7,264,58.3,session,"Session - Oct 26, 2025 1:20:43 PM",2025-10-26 01:20:43 PM 1:20:43 PM,00:16:04,,,,
2025-10-26 01:26:00 PM,60.2,49.1,45.6,29.18,701,29.18,0.0,56.8,38.9,264,59.9,session,"Session - Oct 26, 2025 1:20:43 PM",2025-10-26 01:20:43 PM 1:20:43 PM,00:16:04,,,,
2025-10-26 01:26:05 PM,60.4,49.3,45.6,29.18,701,29.18,0.7,56.8,39.1,264,60.1,session,"Session - Oct 26, 2025 1:20:43 PM",2025-10-26 01:20:43 PM 1:20:43 PM,00:16:04,,,,
2025-10-26 01:26:10 PM,60.5,49.4,45.5,29.18,701,29.18,1.0,57.0,39.3,264,60.2,session,"Session - Oct 26, 2025 1:20:43 PM",2025-10-26 01:20:43 PM 1:20:43 PM,00:16:04,,,,
2025-10-26 01:26:15 PM,60.8,49.6,45.4,29.18,701,29.18,0.0,57.2,39.4,264,60.4,session,"Session - Oct 26, 2025 1:20:43 PM",2025-10-26 01:20:43 PM 1:20:43 PM,00:16:04,,,,
2025-10-26 01:26:20 PM,60.8,49.8,45.4,29.18,701,29.18,0.0,57.4,39.5,264,60.6,session,"Session - Oct 26, 2025 1:20:43 PM",2025-10-26 01:20:43 PM 1:20:43 PM,00:16:04,,,,
2025-10-26 01:26:25 PM,60.9,49.8,45.5,29.18,698,29.18,0.0,57.5,39.6,264,60.8,session,"Session - Oct 26, 2025 1:20:43 PM",2025-10-26 01:20:43 PM 1:20:43 PM,00:16:04,,,,
2025-10-26 01:26:30 PM,61.0,49.8,45.5,29.18,701,29.18,3.6,57.5,39.7,264,60.8,session,"Session - Oct 26, 2025 1:20:43 PM",2025-10-26 01:20:43 PM 1:20:43 PM,00:16:04,,,,
2025-10-26 01:26:35 PM,60.9,49.8,45.3,29.18,701,29.18,2.8,57.7,39.8,264,61.0,session,"Session - Oct 26, 2025 1:20:43 PM",2025-10-26 01:20:43 PM 1:20:43 PM,00:16:04,,,,
2025-10-26 01:26:40 PM,60.3,49.8,45.2,29.18,701,29.18,2.9,57.5,39.6,264,60.8,session,"Session - Oct 26, 2025 1:20:43 PM",2025-10-26 01:20:43 PM 1:20:43 PM,00:16:04,,,,
2025-10-26 01:26:45 PM,60.2,49.3,45.2,29.18,701,29.18,1.4,57.0,39.0,264,60.2,session,"Session - Oct 26, 2025 1:20:43 PM",2025-10-26 01:20:43 PM 1:20:43 PM,00:16:04,,,,
2025-10-26 01:26:50 PM,60.3,49.1,45.2,29.18,701,29.18,1.8,56.8,38.9,264,60.1,session,"Session - Oct 26, 2025 1:20:43 PM",2025-10-26 01:20:43 PM 1:20:43 PM,00:16:04,,,,
2025-10-26 01:26:55 PM,60.7,49.3,45.2,29.18,698,29.18,4.2,57.0,39.0,264,60.2,session,"Session - Oct 26, 2025 1:20:43 PM",2025-10-26 01:20:43 PM 1:20:43 PM,00:16:04,,,,
2025-10-26 01:27:00 PM,61.1,49.6,45.1,29.18,698,29.18,4.5,57.4,39.4,264,60.2,session,"Session - Oct 26, 2025 1:20:43 PM",2025-10-26 01:20:43 PM 1:20:43 PM,00:16:04,,,,
2025-10-26 01:27:05 PM,61.0,49.8,45.1,29.18,698,29.19,1.8,57.7,39.7,264,60.6,session,"Session - Oct 26, 2025 1:20:43 PM",2025-10-26 01:20:43 PM 1:20:43 PM,00:16:04,,,,
2025-10-26 01:27:10 PM,60.6,49.8,45.0,29.19,694,29.18,2.0,57.7,39.5,263,61.0,session,"Session - Oct 26, 2025 1:20:43 PM",2025-10-26 01:20:43 PM 1:20:43 PM,00:16:04,,,,
2025-10-26 01:27:15 PM,60.8,49.4,45.0,29.18,694,29.18,3.3,57.2,39.1,264,60.4,session,"Session - Oct 26, 2025 1:20:43 PM",2025-10-26 01:20:43 PM 1:20:43 PM,00:16:04,,,,
2025-10-26 01:27:20 PM,61.1,49.6,44.9,29.18,698,29.18,2.3,57.4,39.3,264,60.8,session,"Session - Oct 26, 2025 1:20:43 PM",2025-10-26 01:20:43 PM 1:20:43 PM,00:16:04,,,,
2025-10-26 01:27:25 PM,61.2,49.8,44.9,29.18,698,29.18,1.7,57.5,39.6,264,61.0,session,"Session - Oct 26, 2025 1:20:43 PM",2025-10-26 01:20:43 PM 1:20:43 PM,00:16:04,,,,
2025-10-26 01:27:30 PM,60.5,49.8,44.8,29.18,703,29.18,2.3,57.7,39.6,264,61.2,session,"Session - Oct 26, 2025 1:20:43 PM",2025-10-26 01:20:43 PM 1:20:43 PM,00:16:04,,,,
2025-10-26 01:27:35 PM,60.4,49.4,44.7,29.18,701,29.18,2.1,57.0,39.0,264,60.4,session,"Session - Oct 26, 2025 1:20:43 PM",2025-10-26 01:20:43 PM 1:20:43 PM,00:16:04,,,,
2025-10-26 01:27:40 PM,60.2,49.1,44.6,29.18,701,29.18,0.0,56.8,38.8,264,60.2,session,"Session - Oct 26, 2025 1:20:43 PM",2025-10-26 01:20:43 PM 1:20:43 PM,00:16:04,,,,
2025-10-26 01:27:45 PM,60.2,49.1,44.7,29.18,703,29.18,1.2,56.8,38.6,264,60.1,session,"Session - Oct 26, 2025 1:20:43 PM",2025-10-26 01:20:43 PM 1:20:43 PM,00:16:04,,,,
2025-10-26 01:27:50 PM,60.2,49.1,44.7,29.18,703,29.18,0.0,56.8,38.6,264,60.1,session,"Session - Oct 26, 2025 1:20:43 PM",2025-10-26 01:20:43 PM 1:20:43 PM,00:16:04,,,,
2025-10-26 01:27:55 PM,60.4,49.1,44.7,29.18,703,29.18,1.0,56.8,38.7,264,60.2,session,"Session - Oct 26, 2025 1:20:43 PM",2025-10-26 01:20:43 PM 1:20:43 PM,00:16:04,,,,
2025-10-26 01:28:00 PM,60.4,49.1,44.7,29.18,701,29.18,1.7,56.8,38.8,264,60.2,session,"Session - Oct 26, 2025 1:20:43 PM",2025-10-26 01:20:43 PM 1:20:43 PM,00:16:04,,,,
2025-10-26 01:28:05 PM,60.4,49.1,44.6,29.18,701,29.18,1.6,56.8,38.8,264,60.2,session,"Session - Oct 26, 2025 1:20:43 PM",2025-10-26 01:20:43 PM 1:20:43 PM,00:16:04,,,,
2025-10-26 01:28:10 PM,60.3,49.1,44.6,29.18,698,29.19,4.6,56.8,38.8,264,60.2,session,"Session - Oct 26, 2025 1:20:43 PM",2025-10-26 01:20:43 PM 1:20:43 PM,00:16:04,,,,
2025-10-26 01:28:15 PM,60.3,49.1,44.6,29.19,694,29.19,4.5,56.8,38.6,264,59.5,session,"Session - Oct 26, 2025 1:20:43 PM",2025-10-26 01:20:43 PM 1:20:43 PM,00:16:04,,,,
2025-10-26 01:28:20 PM,60.1,49.1,44.5,29.19,693,29.19,4.7,56.8,38.6,264,59.7,session,"Session - Oct 26, 2025 1:20:43 PM",2025-10-26 01:20:43 PM 1:20:43 PM,00:16:04,,,,
2025-10-26 01:28:25 PM,59.8,48.9,44.6,29.19,689,29.19,6.7,56.8,38.5,264,59.3,session,"Session - Oct 26, 2025 1:20:43 PM",2025-10-26 01:20:43 PM 1:20:43 PM,00:16:04,,,,
2025-10-26 01:28:30 PM,59.9,48.7,45.0,29.19,686,29.19,2.9,56.5,38.2,264,58.3,session,"Session - Oct 26, 2025 1:20:43 PM",2025-10-26 01:20:43 PM 1:20:43 PM,00:16:04,,,,
2025-10-26 01:28:35 PM,60.1,48.9,45.3,29.20,686,29.20,0.0,56.6,38.5,264,59.9,session,"Session - Oct 26, 2025 1:20:43 PM",2025-10-26 01:20:43 PM 1:20:43 PM,00:16:04,,,,
2025-10-26 01:28:40 PM,60.2,49.1,45.6,29.20,683,29.20,0.0,56.8,38.9,264,60.1,session,"Session - Oct 26, 2025 1:20:43 PM",2025-10-26 01:20:43 PM 1:20:43 PM,00:16:04,,,,
2025-10-26 01:28:45 PM,60.3,49.3,45.7,29.20,686,29.20,0.0,56.8,39.2,264,60.1,session,"Session - Oct 26, 2025 1:20:43 PM",2025-10-26 01:20:43 PM 1:20:43 PM,00:16:04,,,,
2025-10-26 01:28:50 PM,60.5,49.3,45.8,29.20,683,29.19,0.0,57.0,39.3,264,60.2,session,"Session - Oct 26, 2025 1:20:43 PM",2025-10-26 01:20:43 PM 1:20:43 PM,00:16:04,,,,
2025-10-26 01:28:55 PM,60.7,49.6,45.9,29.19,686,29.20,0.0,57.2,39.5,264,60.4,session,"Session - Oct 26, 2025 1:20:43 PM",2025-10-26 01:20:43 PM 1:20:43 PM,00:16:04,,,,
2025-10-26 01:29:00 PM,60.8,49.6,45.8,29.20,686,29.19,0.0,57.4,39.7,264,60.6,session,"Session - Oct 26, 2025 1:20:43 PM",2025-10-26 01:20:43 PM 1:20:43 PM,00:16:04,,,,
2025-10-26 01:29:05 PM,60.8,49.8,45.7,29.19,686,29.20,0.0,57.4,39.7,264,60.6,session,"Session - Oct 26, 2025 1:20:43 PM",2025-10-26 01:20:43 PM 1:20:43 PM,00:16:04,,,,
2025-10-26 01:29:10 PM,60.9,49.8,45.5,29.20,686,29.19,0.0,57.5,39.8,264,60.8,session,"Session - Oct 26, 2025 1:20:43 PM",2025-10-26 01:20:43 PM 1:20:43 PM,00:16:04,,,,
2025-10-26 01:29:15 PM,61.0,49.8,45.4,29.20,686,29.19,0.0,57.5,39.7,264,60.8,session,"Session - Oct 26, 2025 1:20:43 PM",2025-10-26 01:20:43 PM 1:20:43 PM,00:16:04,,,,
2025-10-26 01:29:20 PM,61.1,49.8,45.4,29.19,689,29.19,0.0,57.5,39.7,264,60.8,session,"Session - Oct 26, 2025 1:20:43 PM",2025-10-26 01:20:43 PM 1:20:43 PM,00:16:04,,,,
2025-10-26 01:29:25 PM,61.0,50.0,45.3,29.20,686,29.19,0.0,57.7,39.8,264,61.0,session,"Session - Oct 26, 2025 1:20:43 PM",2025-10-26 01:20:43 PM 1:20:43 PM,00:16:04,,,,
2025-10-26 01:29:30 PM,60.3,49.8,45.2,29.19,689,29.19,2.9,57.7,39.8,264,61.0,session,"Session - Oct 26, 2025 1:20:43 PM",2025-10-26 01:20:43 PM 1:20:43 PM,00:16:04,,,,
2025-10-26 01:29:35 PM,60.4,49.3,45.1,29.19,689,29.20,6.7,57.0,39.0,264,60.2,session,"Session - Oct 26, 2025 1:20:43 PM",2025-10-26 01:20:43 PM 1:20:43 PM,00:16:04,,,,
2025-10-26 01:29:40 PM,60.4,49.3,45.0,29.20,683,29.19,8.5,57.0,39.0,264,58.8,session,"Session - Oct 26, 2025 1:20:43 PM",2025-10-26 01:20:43 PM 1:20:43 PM,00:16:04,,,,
2025-10-26 01:29:45 PM,60.0,49.3,44.9,29.19,689,29.19,8.9,57.2,39.0,264,58.4,session,"Session - Oct 26, 2025 1:20:43 PM",2025-10-26 01:20:43 PM 1:20:43 PM,00:16:04,,,,
2025-10-26 01:29:50 PM,60.3,49.1,44.9,29.19,689,29.19,8.8,56.6,38.6,264,57.7,session,"Session - Oct 26, 2025 1:20:43 PM",2025-10-26 01:20:43 PM 1:20:43 PM,00:16:04,,,,
2025-10-26 01:29:55 PM,59.9,49.1,44.8,29.19,693,29.19,7.6,56.8,38.8,264,58.1,session,"Session - Oct 26, 2025 1:20:43 PM",2025-10-26 01:20:43 PM 1:20:43 PM,00:16:04,,,,
2025-10-26 01:30:00 PM,59.5,48.9,44.7,29.18,694,29.18,11.2,56.5,38.4,264,57.9,session,"Session - Oct 26, 2025 1:20:43 PM",2025-10-26 01:20:43 PM 1:20:43 PM,00:16:04,,,,
2025-10-26 01:30:05 PM,59.2,48.5,44.5,29.18,694,29.18,11.2,56.1,37.9,264,56.3,session,"Session - Oct 26, 2025 1:20:43 PM",2025-10-26 01:20:43 PM 1:20:43 PM,00:16:04,,,,
2025-10-26 01:30:10 PM,58.9,48.2,44.3,29.18,694,29.18,9.1,55.9,37.6,264,56.1,session,"Session - Oct 26, 2025 1:20:43 PM",2025-10-26 01:20:43 PM 1:20:43 PM,00:16:04,,,,
2025-10-26 01:30:15 PM,59.0,48.0,44.2,29.18,698,29.18,10.7,55.6,37.2,264,56.1,session,"Session - Oct 26, 2025 1:20:43 PM",2025-10-26 01:20:43 PM 1:20:43 PM,00:16:04,,,,
2025-10-26 01:30:20 PM,59.2,48.0,44.2,29.18,701,29.18,11.9,55.6,37.2,264,55.7,session,"Session - Oct 26, 2025 1:20:43 PM",2025-10-26 01:20:43 PM 1:20:43 PM,00:16:04,,,,
2025-10-26 01:30:25 PM,58.7,48.2,44.2,29.18,698,29.18,10.7,55.7,37.4,264,55.7,session,"Session - Oct 26, 2025 1:20:43 PM",2025-10-26 01:20:43 PM 1:20:43 PM,00:16:04,,,,
2025-10-26 01:30:30 PM,58.8,47.8,44.2,29.18,701,29.18,10.6,55.6,37.0,264,55.6,session,"Session - Oct 26, 2025 1:20:43 PM",2025-10-26 01:20:43 PM 1:20:43 PM,00:16:04,,,,
2025-10-26 01:30:35 PM,58.9,47.8,44.2,29.18,701,29.18,8.5,55.6,37.1,264,55.7,session,"Session - Oct 26, 2025 1:20:43 PM",2025-10-26 01:20:43 PM 1:20:43 PM,00:16:04,,,,
2025-10-26 01:30:40 PM,58.9,47.8,44.2,29.18,701,29.18,9.7,55.6,37.1,264,56.3,session,"Session - Oct 26, 2025 1:20:43 PM",2025-10-26 01:20:43 PM 1:20:43 PM,00:16:04,,,,
2025-10-26 01:30:45 PM,59.1,48.0,44.3,29.18,701,29.18,9.6,55.6,37.2,264,56.1,session,"Session - Oct 26, 2025 1:20:43 PM",2025-10-26 01:20:43 PM 1:20:43 PM,00:16:04,,,,
2025-10-26 01:30:50 PM,59.0,48.2,44.4,29.18,694,29.18,13.3,55.7,37.4,264,56.3,session,"Session - Oct 26, 2025 1:20:43 PM",2025-10-26 01:20:43 PM 1:20:43 PM,00:16:04,,,,
2025-10-26 01:30:55 PM,58.7,48.0,44.4,29.18,694,29.18,9.3,55.7,37.3,264,55.4,session,"Session - Oct 26, 2025 1:20:43 PM",2025-10-26 01:20:43 PM 1:20:43 PM,00:16:04,,,,
2025-10-26 01:31:00 PM,58.6,47.8,44.4,29.18,698,29.18,12.0,55.6,37.1,264,55.9,session,"Session - Oct 26, 2025 1:20:43 PM",2025-10-26 01:20:43 PM 1:20:43 PM,00:16:04,,,,
2025-10-26 01:31:05 PM,58.5,47.8,44.5,29.18,701,29.18,11.1,55.4,37.0,264,55.0,session,"Session - Oct 26, 2025 1:20:43 PM",2025-10-26 01:20:43 PM 1:20:43 PM,00:16:04,,,,
2025-10-26 01:31:10 PM,58.5,47.5,44.6,29.18,701,29.18,10.4,55.4,36.9,264,55.2,session,"Session - Oct 26, 2025 1:20:43 PM",2025-10-26 01:20:43 PM 1:20:43 PM,00:16:04,,,,
2025-10-26 01:31:15 PM,58.4,47.6,44.8,29.18,698,29.18,12.5,55.4,37.0,264,55.4,session,"Session - Oct 26, 2025 1:20:43 PM",2025-10-26 01:20:43 PM 1:20:43 PM,00:16:04,,,,
2025-10-26 01:31:20 PM,58.9,47.6,45.0,29.18,701,29.18,8.1,55.2,37.0,264,54.7,session,"Session - Oct 26, 2025 1:20:43 PM",2025-10-26 01:20:43 PM 1:20:43 PM,00:16:04,,,,
2025-10-26 01:31:25 PM,58.6,48.0,45.1,29.18,703,29.18,6.9,55.6,37.6,264,56.5,session,"Session - Oct 26, 2025 1:20:43 PM",2025-10-26 01:20:43 PM 1:20:43 PM,00:16:04,,,,
2025-10-26 01:31:30 PM,59.2,47.8,45.2,29.18,703,29.18,9.1,55.6,37.4,264,56.8,session,"Session - Oct 26, 2025 1:20:43 PM",2025-10-26 01:20:43 PM 1:20:43 PM,00:16:04,,,,
2025-10-26 01:31:35 PM,59.6,48.2,45.3,29.18,703,29.18,9.3,55.9,38.0,264,56.5,session,"Session - Oct 26, 2025 1:20:43 PM",2025-10-26 01:20:43 PM 1:20:43 PM,00:16:04,,,,
2025-10-26 01:31:40 PM,59.6,48.7,45.3,29.18,703,29.18,9.0,56.5,38.4,264,57.0,session,"Session - Oct 26, 2025 1:20:43 PM",2025-10-26 01:20:43 PM 1:20:43 PM,00:16:04,,,,
2025-10-26 01:31:45 PM,59.4,48.7,45.3,29.18,703,29.17,6.9,56.5,38.4,264,57.2,session,"Session - Oct 26, 2025 1:20:43 PM",2025-10-26 01:20:43 PM 1:20:43 PM,00:16:04,,,,
2025-10-26 01:31:50 PM,59.4,48.5,45.4,29.17,706,29.17,5.6,56.3,38.3,264,57.7,session,"Session - Oct 26, 2025 1:20:43 PM",2025-10-26 01:20:43 PM 1:20:43 PM,00:16:04,,,,
2025-10-26 01:31:55 PM,59.5,48.5,45.4,29.17,709,29.17,6.1,56.3,38.3,264,58.1,session,"Session - Oct 26, 2025 1:20:43 PM",2025-10-26 01:20:43 PM 1:20:43 PM,00:16:04,,,,
2025-10-26 01:32:00 PM,59.5,48.7,45.4,29.17,709,29.17,9.0,56.3,38.4,264,57.9,session,"Session - Oct 26, 2025 1:20:43 PM",2025-10-26 01:20:43 PM 1:20:43 PM,00:16:04,,,,
2025-10-26 01:32:05 PM,59.5,48.7,45.3,29.17,709,29.17,10.8,56.5,38.4,264,57.2,session,"Session - Oct 26, 2025 1:20:43 PM",2025-10-26 01:20:43 PM 1:20:43 PM,00:16:04,,,,
2025-10-26 01:32:10 PM,59.6,48.7,45.2,29.17,706,29.17,11.1,56.5,38.4,264,56.6,session,"Session - Oct 26, 2025 1:20:43 PM",2025-10-26 01:20:43 PM 1:20:43 PM,00:16:04,,,,
2025-10-26 01:32:15 PM,58.9,48.7,45.0,29.17,710,29.17,11.1,56.5,38.4,264,56.6,session,"Session - Oct 26, 2025 1:20:43 PM",2025-10-26 01:20:43 PM 1:20:43 PM,00:16:04,,,,
2025-10-26 01:32:20 PM,58.4,48.0,44.7,29.17,710,29.17,11.8,55.7,37.6,264,55.7,session,"Session - Oct 26, 2025 1:20:43 PM",2025-10-26 01:20:43 PM 1:20:43 PM,00:16:04,,,,
2025-10-26 01:32:25 PM,58.4,47.6,44.5,29.17,710,29.17,9.5,55.2,37.0,264,54.8,session,"Session - Oct 26, 2025 1:20:43 PM",2025-10-26 01:20:43 PM 1:20:43 PM,00:16:04,,,,
2025-10-26 01:32:30 PM,58.8,47.5,44.4,29.17,713,29.18,13.2,55.2,36.9,264,55.4,session,"Session - Oct 26, 2025 1:20:43 PM",2025-10-26 01:20:43 PM 1:20:43 PM,00:16:04,,,,
2025-10-26 01:32:35 PM,59.4,47.8,44.3,29.18,706,29.17,10.7,55.6,37.2,264,55.2,session,"Session - Oct 26, 2025 1:20:43 PM",2025-10-26 01:20:43 PM 1:20:43 PM,00:16:04,,,,
2025-10-26 01:32:40 PM,59.5,48.2,44.3,29.17,706,29.17,11.2,56.1,37.7,264,56.5,session,"Session - Oct 26, 2025 1:20:43 PM",2025-10-26 01:20:43 PM 1:20:43 PM,00:16:04,,,,
2025-10-26 01:32:45 PM,59.4,48.5,44.4,29.17,709,29.18,9.0,56.1,37.8,264,56.3,session,"Session - Oct 26, 2025 1:20:43 PM",2025-10-26 01:20:43 PM 1:20:43 PM,00:16:04,,,,
2025-10-26 01:32:50 PM,59.4,48.4,44.5,29.18,706,29.17,6.6,56.1,37.7,264,56.8,session,"Session - Oct 26, 2025 1:20:43 PM",2025-10-26 01:20:43 PM 1:20:43 PM,00:16:04,,,,
2025-10-26 01:32:55 PM,59.3,48.4,44.5,29.17,709,29.17,7.8,56.1,37.7,264,57.7,session,"Session - Oct 26, 2025 1:20:43 PM",2025-10-26 01:20:43 PM 1:20:43 PM,00:16:04,,,,
2025-10-26 01:33:00 PM,59.1,48.4,44.5,29.17,710,29.17,6.0,55.9,37.7,264,57.0,session,"Session - Oct 26, 2025 1:20:43 PM",2025-10-26 01:20:43 PM 1:20:43 PM,00:16:04,,,,
2025-10-26 01:33:05 PM,59.3,48.2,44.5,29.17,710,29.17,3.8,55.7,37.5,264,57.5,session,"Session - Oct 26, 2025 1:20:43 PM",2025-10-26 01:20:43 PM 1:20:43 PM,00:16:04,,,,
2025-10-26 01:33:10 PM,59.6,48.4,44.5,29.17,710,29.17,0.0,55.9,37.7,264,58.8,session,"Session - Oct 26, 2025 1:20:43 PM",2025-10-26 01:20:43 PM 1:20:43 PM,00:16:04,,,,
2025-10-26 01:33:15 PM,59.6,48.4,44.5,29.17,713,29.17,4.8,56.3,37.9,264,59.5,session,"Session - Oct 26, 2025 1:20:43 PM",2025-10-26 01:20:43 PM 1:20:43 PM,00:16:04,,,,
2025-10-26 01:33:20 PM,59.6,48.5,44.5,29.17,710,29.17,6.7,56.3,38.0,264,58.6,session,"Session - Oct 26, 2025 1:20:43 PM",2025-10-26 01:20:43 PM 1:20:43 PM,00:16:04,,,,
2025-10-26 01:33:25 PM,60.0,48.5,44.4,29.17,709,29.17,11.0,56.3,37.9,264,58.1,session,"Session - Oct 26, 2025 1:20:43 PM",2025-10-26 01:20:43 PM 1:20:43 PM,00:16:04,,,,
2025-10-26 01:33:30 PM,59.9,48.9,44.4,29.17,709,29.17,10.5,56.6,38.3,264,57.0,session,"Session - Oct 26, 2025 1:20:43 PM",2025-10-26 01:20:43 PM 1:20:43 PM,00:16:04,,,,
2025-10-26 01:33:35 PM,59.2,48.7,44.2,29.17,710,29.17,9.5,56.6,38.2,264,57.2,session,"Session - Oct 26, 2025 1:20:43 PM",2025-10-26 01:20:43 PM 1:20:43 PM,00:16:04,,,,
2025-10-26 01:33:40 PM,59.3,48.2,44.1,29.17,710,29.16,8.4,55.9,37.5,264,56.5,session,"Session - Oct 26, 2025 1:20:43 PM",2025-10-26 01:20:43 PM 1:20:43 PM,00:16:04,,,,
2025-10-26 01:33:45 PM,59.5,48.2,44.0,29.16,713,29.17,11.1,55.9,37.5,264,56.8,session,"Session - Oct 26, 2025 1:20:43 PM",2025-10-26 01:20:43 PM 1:20:43 PM,00:16:04,,,,
2025-10-26 01:33:50 PM,59.8,48.2,44.0,29.17,713,29.16,7.8,56.1,37.6,264,56.5,session,"Session - Oct 26, 2025 1:20:43 PM",2025-10-26 01:20:43 PM 1:20:43 PM,00:16:04,,,,
2025-10-26 01:33:55 PM,59.8,48.5,43.9,29.16,717,29.16,10.5,56.5,37.9,264,57.7,session,"Session - Oct 26, 2025 1:20:43 PM",2025-10-26 01:20:43 PM 1:20:43 PM,00:16:04,,,,
2025-10-26 01:34:00 PM,59.7,48.5,43.9,29.16,717,29.16,10.4,56.5,37.8,264,57.0,session,"Session - Oct 26, 2025 1:20:43 PM",2025-10-26 01:20:43 PM 1:20:43 PM,00:16:04,,,,
2025-10-26 01:34:05 PM,59.8,48.5,43.8,29.16,717,29.16,8.4,56.3,37.7,264,56.8,session,"Session - Oct 26, 2025 1:20:43 PM",2025-10-26 01:20:43 PM 1:20:43 PM,00:16:04,,,,
2025-10-26 01:34:10 PM,59.6,48.5,43.9,29.16,717,29.16,7.7,56.5,37.8,264,57.5,session,"Session - Oct 26, 2025 1:20:43 PM",2025-10-26 01:20:43 PM 1:20:43 PM,00:16:04,,,,
2025-10-26 01:34:15 PM,59.3,48.2,43.9,29.16,717,29.16,11.6,56.3,37.6,264,57.5,session,"Session - Oct 26, 2025 1:20:43 PM",2025-10-26 01:20:43 PM 1:20:43 PM,00:16:04,,,,
2025-10-26 01:34:20 PM,58.9,48.2,43.9,29.16,717,29.16,6.5,55.9,37.3,264,56.1,session,"Session - Oct 26, 2025 1:20:43 PM",2025-10-26 01:20:43 PM 1:20:43 PM,00:16:04,,,,
2025-10-26 01:34:25 PM,59.0,47.8,43.9,29.16,717,29.16,1.6,55.6,37.0,264,57.2,session,"Session - Oct 26, 2025 1:20:43 PM",2025-10-26 01:20:43 PM 1:20:43 PM,00:16:04,,,,
2025-10-26 01:34:30 PM,59.3,47.8,44.0,29.16,720,29.16,3.6,55.7,37.1,264,59.0,session,"Session - Oct 26, 2025 1:20:43 PM",2025-10-26 01:20:43 PM 1:20:43 PM,00:16:04,,,,
2025-10-26 01:34:35 PM,59.8,48.2,44.1,29.16,720,29.16,1.7,55.9,37.4,264,59.0,session,"Session - Oct 26, 2025 1:20:43 PM",2025-10-26 01:20:43 PM 1:20:43 PM,00:16:04,,,,
2025-10-26 01:34:40 PM,59.9,48.5,44.1,29.16,722,29.16,2.8,56.5,37.9,264,59.7,session,"Session - Oct 26, 2025 1:20:43 PM",2025-10-26 01:20:43 PM 1:20:43 PM,00:16:04,,,,
2025-10-26 01:34:45 PM,60.0,48.5,44.1,29.16,720,29.16,2.7,56.5,38.0,264,59.7,session,"Session - Oct 26, 2025 1:20:43 PM",2025-10-26 01:20:43 PM 1:20:43 PM,00:16:04,,,,
2025-10-26 01:34:50 PM,60.2,48.7,44.0,29.16,720,29.16,4.3,56.6,38.0,264,59.9,session,"Session - Oct 26, 2025 1:20:43 PM",2025-10-26 01:20:43 PM 1:20:43 PM,00:16:04,,,,
2025-10-26 01:34:55 PM,59.9,48.9,44.0,29.16,717,29.16,8.1,56.8,38.3,264,59.5,session,"Session - Oct 26, 2025 1:20:43 PM",2025-10-26 01:20:43 PM 1:20:43 PM,00:16:04,,,,
2025-10-26 01:35:00 PM,59.9,48.5,43.9,29.16,717,29.16,5.7,56.6,38.0,264,57.9,session,"Session - Oct 26, 2025 1:20:43 PM",2025-10-26 01:20:43 PM 1:20:43 PM,00:16:04,,,,
2025-10-26 01:35:05 PM,59.6,48.5,43.9,29.16,720,29.16,6.4,56.5,37.9,264,58.6,session,"Session - Oct 26, 2025 1:20:43 PM",2025-10-26 01:20:43 PM 1:20:43 PM,00:16:04,,,,
2025-10-26 01:35:10 PM,59.4,48.2,44.1,29.16,722,29.15,9.2,56.3,37.6,264,58.1,session,"Session - Oct 26, 2025 1:20:43 PM",2025-10-26 01:20:43 PM 1:20:43 PM,00:16:04,,,,
2025-10-26 01:35:15 PM,59.0,48.2,44.1,29.15,722,29.15,10.6,56.1,37.5,264,56.8,session,"Session - Oct 26, 2025 1:20:43 PM",2025-10-26 01:20:43 PM 1:20:43 PM,00:16:04,,,,
2025-10-26 01:35:20 PM,58.9,47.8,44.1,29.15,722,29.16,12.5,55.7,37.2,264,56.1,session,"Session - Oct 26, 2025 1:20:43 PM",2025-10-26 01:20:43 PM 1:20:43 PM,00:16:04,,,,
2025-10-26 01:35:25 PM,58.5,47.8,44.1,29.16,722,29.16,8.2,55.6,37.1,264,55.4,session,"Session - Oct 26, 2025 1:20:43 PM",2025-10-26 01:20:43 PM 1:20:43 PM,00:16:04,,,,
2025-10-26 01:35:30 PM,58.8,47.6,44.1,29.16,722,29.15,6.3,55.4,36.8,264,56.1,session,"Session - Oct 26, 2025 1:20:43 PM",2025-10-26 01:20:43 PM 1:20:43 PM,00:16:04,,,,
2025-10-26 01:35:35 PM,58.7,47.8,44.2,29.15,722,29.15,6.8,55.6,37.0,264,57.0,session,"Session - Oct 26, 2025 1:20:43 PM",2025-10-26 01:20:43 PM 1:20:43 PM,00:16:04,,,,
2025-10-26 01:35:40 PM,58.7,47.6,44.3,29.15,722,29.16,7.0,55.6,36.9,264,56.8,session,"Session - Oct 26, 2025 1:20:43 PM",2025-10-26 01:20:43 PM 1:20:43 PM,00:16:04,,,,
2025-10-26 01:35:45 PM,59.1,47.8,44.4,29.16,722,29.16,9.8,55.6,37.0,264,56.6,session,"Session - Oct 26, 2025 1:20:43 PM",2025-10-26 01:20:43 PM 1:20:43 PM,00:16:04,,,,
2025-10-26 01:35:50 PM,59.3,48.0,44.5,29.16,720,29.16,10.8,55.7,37.4,264,56.3,session,"Session - Oct 26, 2025 1:20:43 PM",2025-10-26 01:20:43 PM 1:20:43 PM,00:16:04,,,,
2025-10-26 01:35:55 PM,59.4,48.4,44.5,29.16,717,29.16,13.6,55.9,37.7,264,56.3,session,"Session - Oct 26, 2025 1:20:43 PM",2025-10-26 01:20:43 PM 1:20:43 PM,00:16:04,,,,
2025-10-26 01:36:00 PM,59.6,48.4,44.6,29.16,717,29.16,10.1,56.1,37.8,264,55.7,session,"Session - Oct 26, 2025 1:20:43 PM",2025-10-26 01:20:43 PM 1:20:43 PM,00:16:04,,,,
2025-10-26 01:36:05 PM,59.6,48.7,44.6,29.16,717,29.16,8.0,56.3,38.0,264,56.8,session,"Session - Oct 26, 2025 1:20:43 PM",2025-10-26 01:20:43 PM 1:20:43 PM,00:16:04,,,,
2025-10-26 01:36:10 PM,59.5,48.5,44.5,29.16,722,29.16,8.7,56.3,38.0,264,57.5,session,"Session - Oct 26, 2025 1:20:43 PM",2025-10-26 01:20:43 PM 1:20:43 PM,00:16:04,,,,
2025-10-26 01:36:15 PM,59.4,48.4,44.5,29.16,722,29.16,5.7,56.1,37.9,264,57.0,session,"Session - Oct 26, 2025 1:20:43 PM",2025-10-26 01:20:43 PM 1:20:43 PM,00:16:04,,,,
2025-10-26 01:36:20 PM,59.4,48.4,44.5,29.16,722,29.16,6.2,56.1,37.8,264,58.1,session,"Session - Oct 26, 2025 1:20:43 PM",2025-10-26 01:20:43 PM 1:20:43 PM,00:16:04,,,,
2025-10-26 01:36:25 PM,59.3,48.4,44.5,29.16,720,29.16,4.0,56.1,37.8,264,57.9,session,"Session - Oct 26, 2025 1:20:43 PM",2025-10-26 01:20:43 PM 1:20:43 PM,00:16:04,,,,
2025-10-26 01:36:30 PM,58.7,48.4,44.4,29.16,722,29.16,10.8,55.9,37.7,264,58.8,session,"Session - Oct 26, 2025 1:20:43 PM",2025-10-26 01:20:43 PM 1:20:43 PM,00:16:04,,,,
2025-10-26 01:36:35 PM,58.5,47.8,44.3,29.16,720,29.16,5.8,55.6,37.1,264,55.6,session,"Session - Oct 26, 2025 1:20:43 PM",2025-10-26 01:20:43 PM 1:20:43 PM,00:16:04,,,,
2025-10-26 01:36:40 PM,58.4,47.5,44.2,29.16,722,29.15,5.0,55.4,36.9,264,57.0,session,"Session - Oct 26, 2025 1:20:43 PM",2025-10-26 01:20:43 PM 1:20:43 PM,00:16:04,,,,
2025-10-26 01:36:45 PM,58.7,47.5,44.2,29.15,722,29.15,4.0,55.2,36.7,264,57.0,session,"Session - Oct 26, 2025 1:20:43 PM",2025-10-26 01:20:43 PM 1:20:43 PM,00:16:04,,,,