Device Name,3550FW - 3103352
Device Model,3550FW
Serial Number,3103352
FORMATTED DATE_TIME,Temperature,Wet Bulb Temp,Relative Humidity,Barometric Pressure,Altitude,Station Pressure,Wind Speed,Heat Index,Dew Point,Compass Magnetic Direction,Wind Chill,Data Type,Record name,Start time,Duration (H:M:S),Location description,Location address,Location coordinates,Notes
yyyy-MM-dd hh:mm:ss a,°F,°F,%,inHg,ft,inHg,mph,°F,°F,Deg,°F
2026-08-09 09:32:58,77.0,70.0,71.1,29.18,701,29.18,0.0,78.6,67.0,314,77.0,session,"Session - Aug 9, 2026 09:32:56",2026-08-09 09:32:56 09:32:56,00:37:23,,,,
2026-08-09 09:33:03,77.3,70.2,71.0,29.18,701,29.18,0.0,79.0,67.2,314,77.2,session,"Session - Aug 9, 2026 09:32:56",2026-08-09 09:32:56 09:32:56,00:37:23,,,,
2026-08-09 09:33:08,77.5,70.3,71.0,29.18,701,29.18,0.0,79.2,67.3,314,77.4,session,"Session - Aug 9, 2026 09:32:56",2026-08-09 09:32:56 09:32:56,00:37:23,,,,
2026-08-09 09:33:13,77.7,70.5,70.8,29.18,701,29.18,0.0,79.9,67.5,314,77.7,session,"Session - Aug 9, 2026 09:32:56",2026-08-09 09:32:56 09:32:56,00:37:23,,,,
2026-08-09 09:33:18,77.8,70.7,70.8,29.18,701,29.18,0.0,79.9,67.6,314,77.7,session,"Session - Aug 9, 2026 09:32:56",2026-08-09 09:32:56 09:32:56,00:37:23,,,,
2026-08-09 09:33:23,77.6,70.3,70.7,29.18,701,29.18,0.0,79.5,67.4,314,77.5,session,"Session - Aug 9, 2026 09:32:56",2026-08-09 09:32:56 09:32:56,00:37:23,,,,
2026-08-09 09:33:28,77.6,70.3,70.6,29.18,701,29.18,0.9,79.5,67.3,311,77.5,session,"Session - Aug 9, 2026 09:32:56",2026-08-09 09:32:56 09:32:56,00:37:23,,,,
2026-08-09 09:33:33,77.6,70.5,71.0,29.18,703,29.18,2.3,79.5,67.5,310,77.5,session,"Session - Aug 9, 2026 09:32:56",2026-08-09 09:32:56 09:32:56,00:37:23,,,,
2026-08-09 09:33:38,77.9,70.9,71.5,29.17,710,29.17,2.4,80.2,67.9,310,77.9,session,"Session - Aug 9, 2026 09:32:56",2026-08-09 09:32:56 09:32:56,00:37:23,,,,
2026-08-09 09:33:43,78.5,71.6,72.1,29.17,709,29.17,2.5,81.3,68.7,312,78.4,session,"Session - Aug 9, 2026 09:32:56",2026-08-09 09:32:56 09:32:56,00:37:23,,,,
2026-08-09 09:33:48,78.9,72.0,72.4,29.17,709,29.17,2.4,82.0,69.3,312,78.8,session,"Session - Aug 9, 2026 09:32:56",2026-08-09 09:32:56 09:32:56,00:37:23,,,,
2026-08-09 09:33:53,79.3,72.5,72.7,29.17,710,29.17,2.3,82.8,69.8,311,79.2,session,"Session - Aug 9, 2026 09:32:56",2026-08-09 09:32:56 09:32:56,00:37:23,,,,
2026-08-09 09:33:58,79.7,72.9,72.8,29.17,710,29.17,2.0,83.3,70.2,312,79.5,session,"Session - Aug 9, 2026 09:32:56",2026-08-09 09:32:56 09:32:56,00:37:23,,,,
2026-08-09 09:34:03,80.1,73.2,72.8,29.17,710,29.17,2.2,84.4,70.5,312,80.1,session,"Session - Aug 9, 2026 09:32:56",2026-08-09 09:32:56 09:32:56,00:37:23,,,,
2026-08-09 09:34:08,80.4,73.6,72.7,29.17,710,29.17,2.4,84.9,70.8,311,80.4,session,"Session - Aug 9, 2026 09:32:56",2026-08-09 09:32:56 09:32:56,00:37:23,,,,
2026-08-09 09:34:13,80.8,73.8,72.4,29.17,709,29.17,2.3,85.3,71.1,311,80.6,session,"Session - Aug 9, 2026 09:32:56",2026-08-09 09:32:56 09:32:56,00:37:23,,,,
2026-08-09 09:34:18,80.6,73.6,72.2,29.18,706,29.18,2.2,85.1,70.8,311,80.6,session,"Session - Aug 9, 2026 09:32:56",2026-08-09 09:32:56 09:32:56,00:37:23,,,,
2026-08-09 09:34:23,80.5,73.4,72.0,29.17,706,29.17,2.3,84.7,70.6,311,80.4,session,"Session - Aug 9, 2026 09:32:56",2026-08-09 09:32:56 09:32:56,00:37:23,,,,
2026-08-09 09:34:28,80.2,73.0,71.8,29.18,706,29.18,2.0,84.2,70.2,310,80.1,session,"Session - Aug 9, 2026 09:32:56",2026-08-09 09:32:56 09:32:56,00:37:23,,,,
2026-08-09 09:34:33,80.2,73.0,71.5,29.17,709,29.17,2.0,84.0,70.1,311,80.1,session,"Session - Aug 9, 2026 09:32:56",2026-08-09 09:32:56 09:32:56,00:37:23,,,,
2026-08-09 09:34:38,80.1,72.9,71.4,29.17,706,29.17,1.8,84.0,69.9,311,80.1,session,"Session - Aug 9, 2026 09:32:56",2026-08-09 09:32:56 09:32:56,00:37:23,,,,
2026-08-09 09:34:43,80.0,72.7,71.2,29.17,709,29.17,2.4,83.7,69.9,311,79.9,session,"Session - Aug 9, 2026 09:32:56",2026-08-09 09:32:56 09:32:56,00:37:23,,,,
2026-08-09 09:34:48,79.9,72.7,71.2,29.18,706,29.18,3.0,83.5,69.7,310,79.7,session,"Session - Aug 9, 2026 09:32:56",2026-08-09 09:32:56 09:32:56,00:37:23,,,,
2026-08-09 09:34:53,79.7,72.5,71.2,29.17,709,29.17,2.4,83.5,69.6,309,79.7,session,"Session - Aug 9, 2026 09:32:56",2026-08-09 09:32:56 09:32:56,00:37:23,,,,
2026-08-09 09:34:58,79.6,72.3,71.2,29.17,709,29.17,2.3,83.1,69.4,311,79.5,session,"Session - Aug 9, 2026 09:32:56",2026-08-09 09:32:56 09:32:56,00:37:23,,,,
2026-08-09 09:35:03,79.6,72.3,71.2,29.17,710,29.17,1.9,83.1,69.4,311,79.5,session,"Session - Aug 9, 2026 09:32:56",2026-08-09 09:32:56 09:32:56,00:37:23,,,,
2026-08-09 09:35:08,79.6,72.3,71.3,29.17,710,29.17,1.9,83.1,69.5,310,79.5,session,"Session - Aug 9, 2026 09:32:56",2026-08-09 09:32:56 09:32:56,00:37:23,,,,
2026-08-09 09:35:13,79.6,72.3,71.3,29.17,713,29.17,1.7,83.1,69.5,311,79.5,session,"Session - Aug 9, 2026 09:32:56",2026-08-09 09:32:56 09:32:56,00:37:23,,,,
2026-08-09 09:35:18,79.6,72.3,71.3,29.17,713,29.17,1.6,83.1,69.5,309,79.5,session,"Session - Aug 9, 2026 09:32:56",2026-08-09 09:32:56 09:32:56,00:37:23,,,,
2026-08-09 09:35:23,79.6,72.3,71.3,29.16,713,29.16,1.4,83.1,69.5,309,79.5,session,"Session - Aug 9, 2026 09:32:56",2026-08-09 09:32:56 09:32:56,00:37:23,,,,
2026-08-09 09:35:29,79.5,72.3,71.3,29.16,713,29.16,1.1,82.8,69.4,311,79.3,session,"Session - Aug 9, 2026 09:32:56",2026-08-09 09:32:56 09:32:56,00:37:23,,,,
2026-08-09 09:35:33,79.6,72.5,71.4,29.16,717,29.16,1.3,83.1,69.5,311,79.5,session,"Session - Aug 9, 2026 09:32:56",2026-08-09 09:32:56 09:32:56,00:37:23,,,,
2026-08-09 09:35:38,79.7,72.5,71.4,29.16,717,29.16,1.6,83.5,69.6,311,79.7,session,"Session - Aug 9, 2026 09:32:56",2026-08-09 09:32:56 09:32:56,00:37:23,,,,
2026-08-09 09:35:43,79.7,72.5,71.5,29.16,717,29.16,2.1,83.5,69.7,311,79.7,session,"Session - Aug 9, 2026 09:32:56",2026-08-09 09:32:56 09:32:56,00:37:23,,,,
2026-08-09 09:35:48,79.7,72.5,71.4,29.16,717,29.16,2.1,83.1,69.6,311,79.5,session,"Session - Aug 9, 2026 09:32:56",2026-08-09 09:32:56 09:32:56,00:37:23,,,,
2026-08-09 09:35:53,79.6,72.5,71.3,29.16,720,29.16,1.8,83.1,69.5,310,79.5,session,"Session - Aug 9, 2026 09:32:56",2026-08-09 09:32:56 09:32:56,00:37:23,,,,
2026-08-09 09:35:58,79.7,72.5,71.4,29.16,720,29.16,1.5,83.5,69.6,310,79.7,session,"Session - Aug 9, 2026 09:32:56",2026-08-09 09:32:56 09:32:56,00:37:23,,,,
2026-08-09 09:36:03,79.7,72.5,71.4,29.16,722,29.16,1.5,83.5,69.6,311,79.7,session,"Session - Aug 9, 2026 09:32:56",2026-08-09 09:32:56 09:32:56,00:37:23,,,,
2026-08-09 09:36:08,79.7,72.5,71.3,29.15,725,29.15,1.7,83.1,69.6,311,79.5,session,"Session - Aug 9, 2026 09:32:56",2026-08-09 09:32:56 09:32:56,00:37:23,,,,
2026-08-09 09:36:13,79.9,72.7,71.4,29.15,728,29.15,1.7,83.5,69.8,312,79.7,session,"Session - Aug 9, 2026 09:32:56",2026-08-09 09:32:56 09:32:56,00:37:23,,,,
2026-08-09 09:36:18,80.3,73.2,71.5,29.15,730,29.15,1.5,84.4,70.3,311,80.2,session,"Session - Aug 9, 2026 09:32:56",2026-08-09 09:32:56 09:32:56,00:37:23,,,,
2026-08-09 09:36:23,80.7,73.6,71.7,29.15,725,29.15,1.4,85.1,70.7,312,80.6,session,"Session - Aug 9, 2026 09:32:56",2026-08-09 09:32:56 09:32:56,00:37:23,,,,
2026-08-09 09:36:28,80.8,73.6,71.7,29.15,725,29.15,1.0,85.1,70.8,313,80.6,session,"Session - Aug 9, 2026 09:32:56",2026-08-09 09:32:56 09:32:56,00:37:23,,,,
2026-08-09 09:36:33,80.8,73.6,71.7,29.15,725,29.15,0.7,85.5,70.8,311,80.8,session,"Session - Aug 9, 2026 09:32:56",2026-08-09 09:32:56 09:32:56,00:37:23,,,,
2026-08-09 09:36:38,80.7,73.6,71.7,29.15,725,29.15,1.1,85.1,70.7,313,80.6,session,"Session - Aug 9, 2026 09:32:56",2026-08-09 09:32:56 09:32:56,00:37:23,,,,
2026-08-09 09:36:43,80.7,73.6,71.5,29.15,725,29.15,0.7,84.9,70.6,311,80.6,session,"Session - Aug 9, 2026 09:32:56",2026-08-09 09:32:56 09:32:56,00:37:23,,,,
2026-08-09 09:36:48,81.1,73.9,71.5,29.15,728,29.15,0.8,85.6,71.0,311,81.0,session,"Session - Aug 9, 2026 09:32:56",2026-08-09 09:32:56 09:32:56,00:37:23,,,,
2026-08-09 09:36:53,81.4,74.1,71.6,29.15,728,29.15,0.0,86.4,71.3,311,81.3,session,"Session - Aug 9, 2026 09:32:56",2026-08-09 09:32:56 09:32:56,00:37:23,,,,
2026-08-09 09:36:58,81.9,74.5,71.7,29.16,720,29.16,0.0,87.4,71.9,312,81.9,session,"Session - Aug 9, 2026 09:32:56",2026-08-09 09:32:56 09:32:56,00:37:23,,,,
2026-08-09 09:37:03,82.1,74.8,71.8,29.16,720,29.16,0.0,87.8,72.1,311,82.0,session,"Session - Aug 9, 2026 09:32:56",2026-08-09 09:32:56 09:32:56,00:37:23,,,,
2026-08-09 09:37:08,82.1,74.8,71.8,29.15,725,29.15,0.0,87.8,72.1,313,82.0,session,"Session - Aug 9, 2026 09:32:56",2026-08-09 09:32:56 09:32:56,00:37:23,,,,
2026-08-09 09:37:13,82.6,75.2,71.7,29.15,728,29.15,0.0,88.9,72.5,311,82.6,session,"Session - Aug 9, 2026 09:32:56",2026-08-09 09:32:56 09:32:56,00:37:23,,,,
2026-08-09 09:37:18,83.0,75.6,71.6,29.15,725,29.15,0.0,89.8,72.9,310,82.9,session,"Session - Aug 9, 2026 09:32:56",2026-08-09 09:32:56 09:32:56,00:37:23,,,,
2026-08-09 09:37:23,83.6,76.1,71.5,29.15,722,29.15,0.0,91.0,73.3,311,83.5,session,"Session - Aug 9, 2026 09:32:56",2026-08-09 09:32:56 09:32:56,00:37:23,,,,
2026-08-09 09:37:28,83.8,76.3,71.3,29.15,728,29.15,0.0,91.4,73.5,310,83.8,session,"Session - Aug 9, 2026 09:32:56",2026-08-09 09:32:56 09:32:56,00:37:23,,,,
2026-08-09 09:37:33,84.0,76.3,70.8,29.15,725,29.15,0.8,92.1,73.5,310,84.0,session,"Session - Aug 9, 2026 09:32:56",2026-08-09 09:32:56 09:32:56,00:37:23,,,,
2026-08-09 09:37:38,84.4,76.5,70.3,29.15,725,29.15,1.2,92.8,73.7,312,84.4,session,"Session - Aug 9, 2026 09:32:56",2026-08-09 09:32:56 09:32:56,00:37:23,,,,
2026-08-09 09:37:43,84.6,76.5,69.7,29.16,722,29.16,1.3,93.0,73.6,312,84.6,session,"Session - Aug 9, 2026 09:32:56",2026-08-09 09:32:56 09:32:56,00:37:23,,,,
2026-08-09 09:37:48,84.8,76.5,69.3,29.15,722,29.16,0.9,93.4,73.6,311,84.7,session,"Session - Aug 9, 2026 09:32:56",2026-08-09 09:32:56 09:32:56,00:37:23,,,,
2026-08-09 09:37:53,84.9,76.5,68.6,29.16,722,29.16,1.1,93.0,73.4,311,84.7,session,"Session - Aug 9, 2026 09:32:56",2026-08-09 09:32:56 09:32:56,00:37:23,,,,
2026-08-09 09:37:59,85.1,76.6,68.3,29.16,720,29.16,0.8,93.9,73.5,311,85.1,session,"Session - Aug 9, 2026 09:32:56",2026-08-09 09:32:56 09:32:56,00:37:23,,,,
2026-08-09 09:38:03,85.5,76.8,68.1,29.16,720,29.16,0.9,94.6,73.8,311,85.5,session,"Session - Aug 9, 2026 09:32:56",2026-08-09 09:32:56 09:32:56,00:37:23,,,,
2026-08-09 09:38:08,85.9,77.2,68.2,29.16,717,29.16,0.0,95.4,74.1,311,85.8,session,"Session - Aug 9, 2026 09:32:56",2026-08-09 09:32:56 09:32:56,00:37:23,,,,
2026-08-09 09:38:13,86.0,77.4,68.1,29.17,713,29.17,0.0,95.4,74.2,313,85.8,session,"Session - Aug 9, 2026 09:32:56",2026-08-09 09:32:56 09:32:56,00:37:23,,,,
2026-08-09 09:38:18,85.6,76.8,67.7,29.17,713,29.16,0.0,94.5,73.7,314,85.5,session,"Session - Aug 9, 2026 09:32:56",2026-08-09 09:32:56 09:32:56,00:37:23,,,,
2026-08-09 09:38:23,85.5,76.6,67.0,29.16,713,29.16,0.9,94.3,73.3,314,85.5,session,"Session - Aug 9, 2026 09:32:56",2026-08-09 09:32:56 09:32:56,00:37:23,,,,
2026-08-09 09:38:28,85.0,75.9,66.6,29.17,713,29.17,1.9,92.8,72.7,314,84.9,session,"Session - Aug 9, 2026 09:32:56",2026-08-09 09:32:56 09:32:56,00:37:23,,,,
2026-08-09 09:38:33,84.8,75.6,66.0,29.17,713,29.17,1.7,92.1,72.2,314,84.7,session,"Session - Aug 9, 2026 09:32:56",2026-08-09 09:32:56 09:32:56,00:37:23,,,,
2026-08-09 09:38:38,84.7,75.6,65.9,29.17,713,29.17,1.3,91.8,72.1,314,84.6,session,"Session - Aug 9, 2026 09:32:56",2026-08-09 09:32:56 09:32:56,00:37:23,,,,
2026-08-09 09:38:43,84.6,75.4,65.9,29.17,713,29.17,0.8,91.8,71.9,314,84.6,session,"Session - Aug 9, 2026 09:32:56",2026-08-09 09:32:56 09:32:56,00:37:23,,,,
2026-08-09 09:38:48,84.4,75.2,65.9,29.16,717,29.16,0.8,91.4,71.8,314,84.4,session,"Session - Aug 9, 2026 09:32:56",2026-08-09 09:32:56 09:32:56,00:37:23,,,,
2026-08-09 09:38:53,84.4,75.2,65.8,29.16,713,29.16,0.9,91.4,71.7,314,84.4,session,"Session - Aug 9, 2026 09:32:56",2026-08-09 09:32:56 09:32:56,00:37:23,,,,
2026-08-09 09:38:58,84.3,75.0,65.8,29.17,710,29.17,0.0,90.9,71.7,314,84.2,session,"Session - Aug 9, 2026 09:32:56",2026-08-09 09:32:56 09:32:56,00:37:23,,,,
2026-08-09 09:39:03,84.3,75.0,65.8,29.17,713,29.17,0.0,90.9,71.6,314,84.2,session,"Session - Aug 9, 2026 09:32:56",2026-08-09 09:32:56 09:32:56,00:37:23,,,,
2026-08-09 09:39:08,84.3,75.0,65.8,29.16,717,29.16,0.0,90.9,71.6,314,84.2,session,"Session - Aug 9, 2026 09:32:56",2026-08-09 09:32:56 09:32:56,00:37:23,,,,
2026-08-09 09:39:13,84.2,75.0,65.8,29.16,717,29.16,0.0,90.9,71.5,314,84.2,session,"Session - Aug 9, 2026 09:32:56",2026-08-09 09:32:56 09:32:56,00:37:23,,,,
2026-08-09 09:39:18,84.3,75.0,65.8,29.16,720,29.16,0.8,90.9,71.6,314,84.2,session,"Session - Aug 9, 2026 09:32:56",2026-08-09 09:32:56 09:32:56,00:37:23,,,,
2026-08-09 09:39:23,84.2,75.0,65.8,29.16,717,29.16,0.9,90.9,71.5,314,84.2,session,"Session - Aug 9, 2026 09:32:56",2026-08-09 09:32:56 09:32:56,00:37:23,,,,
2026-08-09 09:39:28,84.2,74.8,65.8,29.16,720,29.16,1.0,90.5,71.5,314,84.0,session,"Session - Aug 9, 2026 09:32:56",2026-08-09 09:32:56 09:32:56,00:37:23,,,,
2026-08-09 09:39:33,84.1,74.8,65.8,29.16,720,29.16,2.0,90.5,71.5,314,84.0,session,"Session - Aug 9, 2026 09:32:56",2026-08-09 09:32:56 09:32:56,00:37:23,,,,
2026-08-09 09:39:38,83.9,74.7,65.7,29.16,720,29.16,1.9,90.0,71.2,314,83.8,session,"Session - Aug 9, 2026 09:32:56",2026-08-09 09:32:56 09:32:56,00:37:23,,,,
2026-08-09 09:39:43,83.5,74.1,65.1,29.16,720,29.16,2.4,89.1,70.5,314,83.5,session,"Session - Aug 9, 2026 09:32:56",2026-08-09 09:32:56 09:32:56,00:37:23,,,,
2026-08-09 09:39:48,83.1,73.8,64.8,29.15,722,29.15,1.6,88.2,70.1,311,83.1,session,"Session - Aug 9, 2026 09:32:56",2026-08-09 09:32:56 09:32:56,00:37:23,,,,
2026-08-09 09:39:53,83.4,73.9,64.7,29.15,728,29.15,2.0,88.5,70.2,311,83.3,session,"Session - Aug 9, 2026 09:32:56",2026-08-09 09:32:56 09:32:56,00:37:23,,,,
2026-08-09 09:39:58,83.5,73.9,64.6,29.15,725,29.15,1.3,88.9,70.3,310,83.5,session,"Session - Aug 9, 2026 09:32:56",2026-08-09 09:32:56 09:32:56,00:37:23,,,,
2026-08-09 09:40:03,83.9,74.5,64.7,29.15,725,29.15,0.8,89.6,70.8,312,83.8,session,"Session - Aug 9, 2026 09:32:56",2026-08-09 09:32:56 09:32:56,00:37:23,,,,
2026-08-09 09:40:08,84.2,74.7,64.8,29.16,722,29.16,0.9,90.7,71.1,312,84.2,session,"Session - Aug 9, 2026 09:32:56",2026-08-09 09:32:56 09:32:56,00:37:23,,,,
2026-08-09 09:40:13,84.7,75.0,65.0,29.16,722,29.16,0.9,91.4,71.7,311,84.6,session,"Session - Aug 9, 2026 09:32:56",2026-08-09 09:32:56 09:32:56,00:37:23,,,,
2026-08-09 09:40:18,85.0,75.6,65.4,29.16,720,29.16,0.8,92.3,72.1,311,84.9,session,"Session - Aug 9, 2026 09:32:56",2026-08-09 09:32:56 09:32:56,00:37:23,,,,
2026-08-09 09:40:23,85.2,75.9,65.9,29.16,720,29.16,1.5,93.0,72.4,311,85.1,session,"Session - Aug 9, 2026 09:32:56",2026-08-09 09:32:56 09:32:56,00:37:23,,,,
2026-08-09 09:40:28,85.2,75.9,65.9,29.16,717,29.16,1.6,93.0,72.5,310,85.1,session,"Session - Aug 9, 2026 09:32:56",2026-08-09 09:32:56 09:32:56,00:37:23,,,,
2026-08-09 09:40:33,85.0,75.7,65.8,29.16,717,29.16,1.8,92.5,72.3,311,84.9,session,"Session - Aug 9, 2026 09:32:56",2026-08-09 09:32:56 09:32:56,00:37:23,,,,
2026-08-09 09:40:38,84.7,75.4,65.6,29.16,717,29.16,1.8,92.1,71.9,311,84.7,session,"Session - Aug 9, 2026 09:32:56",2026-08-09 09:32:56 09:32:56,00:37:23,,,,
2026-08-09 09:40:43,84.7,75.2,65.4,29.16,717,29.16,1.6,91.6,71.8,310,84.6,session,"Session - Aug 9, 2026 09:32:56",2026-08-09 09:32:56 09:32:56,00:37:23,,,,
2026-08-09 09:40:48,84.5,75.0,65.3,29.16,717,29.16,1.5,91.2,71.5,311,84.4,session,"Session - Aug 9, 2026 09:32:56",2026-08-09 09:32:56 09:32:56,00:37:23,,,,
2026-08-09 09:40:53,84.3,75.0,65.3,29.16,717,29.16,1.5,90.7,71.4,311,84.2,session,"Session - Aug 9, 2026 09:32:56",2026-08-09 09:32:56 09:32:56,00:37:23,,,,
2026-08-09 09:40:58,84.5,75.0,65.3,29.16,720,29.16,1.4,91.2,71.6,310,84.4,session,"Session - Aug 9, 2026 09:32:56",2026-08-09 09:32:56 09:32:56,00:37:23,,,,
2026-08-09 09:41:03,84.8,75.6,65.4,29.16,720,29.16,1.9,91.9,72.0,311,84.7,session,"Session - Aug 9, 2026 09:32:56",2026-08-09 09:32:56 09:32:56,00:37:23,,,,
2026-08-09 09:41:08,85.3,75.7,65.3,29.16,720,29.16,2.1,93.2,72.3,311,85.3,session,"Session - Aug 9, 2026 09:32:56",2026-08-09 09:32:56 09:32:56,00:37:23,,,,
2026-08-09 09:41:13,85.4,75.7,65.1,29.16,720,29.16,2.2,93.0,72.3,310,85.3,session,"Session - Aug 9, 2026 09:32:56",2026-08-09 09:32:56 09:32:56,00:37:23,,,,
2026-08-09 09:41:18,85.6,75.9,64.9,29.16,717,29.16,2.0,93.4,72.4,310,85.5,session,"Session - Aug 9, 2026 09:32:56",2026-08-09 09:32:56 09:32:56,00:37:23,,,,
2026-08-09 09:41:23,85.9,76.1,64.9,29.16,720,29.16,1.8,94.1,72.7,310,85.8,session,"Session - Aug 9, 2026 09:32:56",2026-08-09 09:32:56 09:32:56,00:37:23,,,,
2026-08-09 09:41:28,86.1,76.5,64.8,29.16,720,29.16,1.9,94.5,72.9,310,86.0,session,"Session - Aug 9, 2026 09:32:56",2026-08-09 09:32:56 09:32:56,00:37:23,,,,
2026-08-09 09:41:33,86.5,76.6,64.7,29.16,720,29.16,1.7,95.4,73.2,310,86.4,session,"Session - Aug 9, 2026 09:32:56",2026-08-09 09:32:56 09:32:56,00:37:23,,,,
2026-08-09 09:41:38,86.7,76.8,64.7,29.16,717,29.16,1.8,95.7,73.3,311,86.5,session,"Session - Aug 9, 2026 09:32:56",2026-08-09 09:32:56 09:32:56,00:37:23,,,,
2026-08-09 09:41:43,87.0,77.0,64.7,29.16,717,29.16,1.7,96.4,73.6,311,86.9,session,"Session - Aug 9, 2026 09:32:56",2026-08-09 09:32:56 09:32:56,00:37:23,,,,
2026-08-09 09:41:48,86.7,76.8,64.8,29.17,713,29.17,1.9,96.1,73.5,310,86.7,session,"Session - Aug 9, 2026 09:32:56",2026-08-09 09:32:56 09:32:56,00:37:23,,,,
2026-08-09 09:41:53,85.9,76.3,64.6,29.17,713,29.17,1.9,94.1,72.6,311,85.8,session,"Session - Aug 9, 2026 09:32:56",2026-08-09 09:32:56 09:32:56,00:37:23,,,,
2026-08-09 09:41:58,85.7,75.9,64.5,29.17,713,29.17,1.9,93.7,72.3,311,85.6,session,"Session - Aug 9, 2026 09:32:56",2026-08-09 09:32:56 09:32:56,00:37:23,,,,
2026-08-09 09:42:03,85.5,75.7,64.6,29.17,710,29.17,2.1,93.2,72.2,312,85.5,session,"Session - Aug 9, 2026 09:32:56",2026-08-09 09:32:56 09:32:56,00:37:23,,,,
2026-08-09 09:42:08,85.4,75.7,64.7,29.17,713,29.17,2.3,92.8,72.2,311,85.3,session,"Session - Aug 9, 2026 09:32:56",2026-08-09 09:32:56 09:32:56,00:37:23,,,,
2026-08-09 09:42:13,85.3,75.6,64.7,29.16,717,29.16,2.6,92.5,72.1,311,85.3,session,"Session - Aug 9, 2026 09:32:56",2026-08-09 09:32:56 09:32:56,00:37:23,,,,
2026-08-09 09:42:18,85.3,75.6,64.8,29.17,713,29.17,2.1,93.0,72.1,311,85.3,session,"Session - Aug 9, 2026 09:32:56",2026-08-09 09:32:56 09:32:56,00:37:23,,,,
2026-08-09 09:42:23,85.3,75.7,65.1,29.16,713,29.16,1.7,93.0,72.2,311,85.3,session,"Session - Aug 9, 2026 09:32:56",2026-08-09 09:32:56 09:32:56,00:37:23,,,,
2026-08-09 09:42:28,85.5,75.9,65.3,29.16,713,29.16,1.9,93.4,72.5,311,85.5,session,"Session - Aug 9, 2026 09:32:56",2026-08-09 09:32:56 09:32:56,00:37:23,,,,
2026-08-09 09:42:33,85.7,76.1,65.2,29.16,720,29.16,1.7,93.9,72.6,311,85.6,session,"Session - Aug 9, 2026 09:32:56",2026-08-09 09:32:56 09:32:56,00:37:23,,,,
2026-08-09 09:42:38,86.0,76.5,65.2,29.16,717,29.16,2.1,94.6,73.0,311,86.0,session,"Session - Aug 9, 2026 09:32:56",2026-08-09 09:32:56 09:32:56,00:37:23,,,,
2026-08-09 09:42:43,86.0,76.5,65.2,29.16,720,29.16,2.1,94.6,73.0,311,86.0,session,"Session - Aug 9, 2026 09:32:56",2026-08-09 09:32:56 09:32:56,00:37:23,,,,
2026-08-09 09:42:48,86.3,76.6,65.2,29.16,720,29.16,2.2,95.0,73.2,311,86.2,session,"Session - Aug 9, 2026 09:32:56",2026-08-09 09:32:56 09:32:56,00:37:23,,,,
2026-08-09 09:42:53,86.3,76.6,65.2,29.16,720,29.16,2.0,95.0,73.3,310,86.2,session,"Session - Aug 9, 2026 09:32:56",2026-08-09 09:32:56 09:32:56,00:37:23,,,,
2026-08-09 09:42:58,86.1,76.5,65.1,29.16,717,29.16,2.4,94.6,73.0,311,86.0,session,"Session - Aug 9, 2026 09:32:56",2026-08-09 09:32:56 09:32:56,00:37:23,,,,
2026-08-09 09:43:03,85.8,76.1,64.9,29.16,713,29.16,1.9,94.3,72.6,311,85.8,session,"Session - Aug 9, 2026 09:32:56",2026-08-09 09:32:56 09:32:56,00:37:23,,,,
2026-08-09 09:43:09,85.6,75.9,64.9,29.16,717,29.16,1.9,93.4,72.4,311,85.5,session,"Session - Aug 9, 2026 09:32:56",2026-08-09 09:32:56 09:32:56,00:37:23,,,,
2026-08-09 09:43:13,85.8,76.1,64.9,29.16,720,29.16,1.8,93.9,72.6,311,85.6,session,"Session - Aug 9, 2026 09:32:56",2026-08-09 09:32:56 09:32:56,00:37:23,,,,
2026-08-09 09:43:18,86.1,76.5,65.1,29.15,725,29.15,2.3,94.6,73.0,310,86.0,session,"Session - Aug 9, 2026 09:32:56",2026-08-09 09:32:56 09:32:56,00:37:23,,,,
2026-08-09 09:43:23,86.4,76.6,65.0,29.15,722,29.15,2.3,95.5,73.3,311,86.4,session,"Session - Aug 9, 2026 09:32:56",2026-08-09 09:32:56 09:32:56,00:37:23,,,,
2026-08-09 09:43:28,86.5,76.8,65.1,29.16,720,29.16,2.4,95.5,73.4,311,86.4,session,"Session - Aug 9, 2026 09:32:56",2026-08-09 09:32:56 09:32:56,00:37:23,,,,
2026-08-09 09:43:33,86.4,76.6,65.0,29.16,720,29.16,2.2,95.5,73.3,311,86.4,session,"Session - Aug 9, 2026 09:32:56",2026-08-09 09:32:56 09:32:56,00:37:23,,,,
2026-08-09 09:43:38,86.5,76.6,64.8,29.15,725,29.15,1.8,95.4,73.3,311,86.4,session,"Session - Aug 9, 2026 09:32:56",2026-08-09 09:32:56 09:32:56,00:37:23,,,,
2026-08-09 09:43:43,86.2,76.5,64.5,29.15,725,29.15,2.0,94.8,72.8,311,86.2,session,"Session - Aug 9, 2026 09:32:56",2026-08-09 09:32:56 09:32:56,00:37:23,,,,
2026-08-09 09:43:48,85.8,75.9,64.1,29.15,725,29.15,1.8,93.4,72.2,311,85.6,session,"Session - Aug 9, 2026 09:32:56",2026-08-09 09:32:56 09:32:56,00:37:23,,,,
2026-08-09 09:43:53,85.6,75.6,64.0,29.16,720,29.16,2.3,93.0,72.0,311,85.5,session,"Session - Aug 9, 2026 09:32:56",2026-08-09 09:32:56 09:32:56,00:37:23,,,,
2026-08-09 09:43:58,85.5,75.6,64.2,29.15,725,29.15,1.7,93.0,72.0,311,85.5,session,"Session - Aug 9, 2026 09:32:56",2026-08-09 09:32:56 09:32:56,00:37:23,,,,
2026-08-09 09:44:03,86.3,76.6,64.6,29.16,722,29.16,1.9,94.8,73.0,311,86.2,session,"Session - Aug 9, 2026 09:32:56",2026-08-09 09:32:56 09:32:56,00:37:23,,,,
2026-08-09 09:44:08,86.8,77.2,65.0,29.15,722,29.15,1.6,96.3,73.7,311,86.7,session,"Session - Aug 9, 2026 09:32:56",2026-08-09 09:32:56 09:32:56,00:37:23,,,,
2026-08-09 09:44:13,87.0,77.2,65.3,29.16,722,29.16,2.6,96.6,73.9,312,86.9,session,"Session - Aug 9, 2026 09:32:56",2026-08-09 09:32:56 09:32:56,00:37:23,,,,
2026-08-09 09:44:18,86.3,76.6,65.0,29.16,720,29.16,1.9,95.0,73.1,311,86.2,session,"Session - Aug 9, 2026 09:32:56",2026-08-09 09:32:56 09:32:56,00:37:23,,,,
2026-08-09 09:44:23,86.2,76.5,64.7,29.16,717,29.16,1.1,94.8,72.9,311,86.2,session,"Session - Aug 9, 2026 09:32:56",2026-08-09 09:32:56 09:32:56,00:37:23,,,,
2026-08-09 09:44:28,86.2,76.5,64.7,29.15,722,29.15,1.5,94.8,72.9,311,86.2,session,"Session - Aug 9, 2026 09:32:56",2026-08-09 09:32:56 09:32:56,00:37:23,,,,
2026-08-09 09:44:33,86.5,76.6,64.8,29.15,722,29.16,2.2,95.7,73.3,311,86.5,session,"Session - Aug 9, 2026 09:32:56",2026-08-09 09:32:56 09:32:56,00:37:23,,,,
2026-08-09 09:44:38,86.8,77.0,64.8,29.15,722,29.15,2.2,96.1,73.6,311,86.7,session,"Session - Aug 9, 2026 09:32:56",2026-08-09 09:32:56 09:32:56,00:37:23,,,,
2026-08-09 09:44:43,86.7,76.6,64.5,29.16,720,29.16,1.9,95.5,73.3,312,86.5,session,"Session - Aug 9, 2026 09:32:56",2026-08-09 09:32:56 09:32:56,00:37:23,,,,
2026-08-09 09:44:48,85.9,75.9,64.1,29.16,720,29.16,1.4,93.9,72.4,311,85.8,session,"Session - Aug 9, 2026 09:32:56",2026-08-09 09:32:56 09:32:56,00:37:23,,,,
2026-08-09 09:44:53,85.7,75.7,63.8,29.16,717,29.16,1.0,93.4,72.1,311,85.6,session,"Session - Aug 9, 2026 09:32:56",2026-08-09 09:32:56 09:32:56,00:37:23,,,,
2026-08-09 09:44:58,85.7,75.6,63.8,29.16,717,29.16,0.9,93.4,72.0,311,85.6,session,"Session - Aug 9, 2026 09:32:56",2026-08-09 09:32:56 09:32:56,00:37:23,,,,
2026-08-09 09:45:03,85.6,75.6,64.2,29.16,717,29.16,1.2,93.0,72.0,311,85.5,session,"Session - Aug 9, 2026 09:32:56",2026-08-09 09:32:56 09:32:56,00:37:23,,,,
2026-08-09 09:45:08,85.6,75.7,64.4,29.16,717,29.16,1.3,93.2,72.2,310,85.5,session,"Session - Aug 9, 2026 09:32:56",2026-08-09 09:32:56 09:32:56,00:37:23,,,,
2026-08-09 09:45:13,85.7,76.1,65.0,29.16,717,29.16,1.4,93.9,72.6,311,85.6,session,"Session - Aug 9, 2026 09:32:56",2026-08-09 09:32:56 09:32:56,00:37:23,,,,
2026-08-09 09:45:18,85.9,76.3,65.4,29.16,717,29.16,1.4,94.5,72.9,311,85.8,session,"Session - Aug 9, 2026 09:32:56",2026-08-09 09:32:56 09:32:56,00:37:23,,,,
2026-08-09 09:45:23,85.9,76.6,65.8,29.17,713,29.17,1.4,94.6,73.1,311,85.8,session,"Session - Aug 9, 2026 09:32:56",2026-08-09 09:32:56 09:32:56,00:37:23,,,,
2026-08-09 09:45:28,85.9,76.5,65.8,29.16,713,29.16,1.6,94.6,73.1,311,85.8,session,"Session - Aug 9, 2026 09:32:56",2026-08-09 09:32:56 09:32:56,00:37:23,,,,
2026-08-09 09:45:33,85.8,76.5,65.6,29.17,710,29.17,1.6,94.5,73.0,311,85.8,session,"Session - Aug 9, 2026 09:32:56",2026-08-09 09:32:56 09:32:56,00:37:23,,,,
2026-08-09 09:45:38,85.6,76.1,65.6,29.16,713,29.16,1.8,93.6,72.7,311,85.5,session,"Session - Aug 9, 2026 09:32:56",2026-08-09 09:32:56 09:32:56,00:37:23,,,,
2026-08-09 09:45:43,85.9,76.3,65.3,29.16,717,29.16,1.8,94.5,72.9,311,85.8,session,"Session - Aug 9, 2026 09:32:56",2026-08-09 09:32:56 09:32:56,00:37:23,,,,
2026-08-09 09:45:48,85.9,76.3,65.3,29.16,713,29.16,1.9,94.3,72.9,311,85.8,session,"Session - Aug 9, 2026 09:32:56",2026-08-09 09:32:56 09:32:56,00:37:23,,,,
2026-08-09 09:45:53,86.0,76.5,65.4,29.16,717,29.16,2.4,94.8,73.0,311,86.0,session,"Session - Aug 9, 2026 09:32:56",2026-08-09 09:32:56 09:32:56,00:37:23,,,,
2026-08-09 09:45:58,86.2,76.6,65.3,29.16,722,29.16,2.6,95.0,73.2,311,86.2,session,"Session - Aug 9, 2026 09:32:56",2026-08-09 09:32:56 09:32:56,00:37:23,,,,
2026-08-09 09:46:03,86.6,76.8,65.0,29.16,720,29.16,2.5,95.9,73.4,311,86.5,session,"Session - Aug 9, 2026 09:32:56",2026-08-09 09:32:56 09:32:56,00:37:23,,,,
2026-08-09 09:46:08,86.7,77.0,64.9,29.16,713,29.16,2.5,96.1,73.5,312,86.7,session,"Session - Aug 9, 2026 09:32:56",2026-08-09 09:32:56 09:32:56,00:37:23,,,,
2026-08-09 09:46:13,86.7,76.8,64.5,29.16,713,29.16,1.5,95.7,73.3,311,86.5,session,"Session - Aug 9, 2026 09:32:56",2026-08-09 09:32:56 09:32:56,00:37:23,,,,
2026-08-09 09:46:18,86.9,76.8,64.5,29.17,710,29.17,1.3,95.9,73.4,311,86.7,session,"Session - Aug 9, 2026 09:32:56",2026-08-09 09:32:56 09:32:56,00:37:23,,,,
2026-08-09 09:46:23,86.7,76.6,64.5,29.17,713,29.17,1.2,95.7,73.3,311,86.5,session,"Session - Aug 9, 2026 09:32:56",2026-08-09 09:32:56 09:32:56,00:37:23,,,,
2026-08-09 09:46:28,87.0,77.0,64.5,29.16,713,29.16,1.6,96.4,73.6,311,86.9,session,"Session - Aug 9, 2026 09:32:56",2026-08-09 09:32:56 09:32:56,00:37:23,,,,
2026-08-09 09:46:33,87.1,77.0,64.3,29.17,710,29.17,1.7,96.8,73.6,311,87.1,session,"Session - Aug 9, 2026 09:32:56",2026-08-09 09:32:56 09:32:56,00:37:23,,,,
2026-08-09 09:46:38,87.0,76.8,64.2,29.17,709,29.17,1.4,96.3,73.4,311,86.9,session,"Session - Aug 9, 2026 09:32:56",2026-08-09 09:32:56 09:32:56,00:37:23,,,,
2026-08-09 09:46:43,86.8,76.6,64.0,29.17,709,29.17,1.3,95.7,73.1,311,86.7,session,"Session - Aug 9, 2026 09:32:56",2026-08-09 09:32:56 09:32:56,00:37:23,,,,
2026-08-09 09:46:48,86.7,76.6,63.9,29.17,709,29.17,1.4,95.7,73.0,311,86.7,session,"Session - Aug 9, 2026 09:32:56",2026-08-09 09:32:56 09:32:56,00:37:23,,,,
2026-08-09 09:46:53,86.5,76.3,63.8,29.17,706,29.17,1.4,95.0,72.8,311,86.4,session,"Session - Aug 9, 2026 09:32:56",2026-08-09 09:32:56 09:32:56,00:37:23,,,,
2026-08-09 09:46:58,86.3,76.3,63.9,29.18,706,29.18,1.5,94.6,72.7,311,86.2,session,"Session - Aug 9, 2026 09:32:56",2026-08-09 09:32:56 09:32:56,00:37:23,,,,
2026-08-09 09:47:03,86.3,76.3,64.1,29.18,703,29.18,1.6,94.6,72.7,311,86.2,session,"Session - Aug 9, 2026 09:32:56",2026-08-09 09:32:56 09:32:56,00:37:23,,,,
2026-08-09 09:47:08,86.2,76.3,64.2,29.18,703,29.18,1.3,94.6,72.7,311,86.2,session,"Session - Aug 9, 2026 09:32:56",2026-08-09 09:32:56 09:32:56,00:37:23,,,,
2026-08-09 09:47:13,86.1,76.3,64.2,29.18,703,29.18,1.3,94.3,72.6,311,86.0,session,"Session - Aug 9, 2026 09:32:56",2026-08-09 09:32:56 09:32:56,00:37:23,,,,
2026-08-09 09:47:18,85.7,75.7,63.9,29.18,703,29.18,2.4,93.4,72.1,311,85.6,session,"Session - Aug 9, 2026 09:32:56",2026-08-09 09:32:56 09:32:56,00:37:23,,,,
2026-08-09 09:47:23,85.7,75.6,63.5,29.17,706,29.17,2.2,93.2,71.9,311,85.6,session,"Session - Aug 9, 2026 09:32:56",2026-08-09 09:32:56 09:32:56,00:37:23,,,,
2026-08-09 09:47:28,86.1,75.7,63.5,29.18,703,29.18,2.4,93.9,72.2,312,86.0,session,"Session - Aug 9, 2026 09:32:56",2026-08-09 09:32:56 09:32:56,00:37:23,,,,
2026-08-09 09:47:34,86.2,75.9,63.5,29.18,703,29.18,2.2,94.5,72.4,311,86.2,session,"Session - Aug 9, 2026 09:32:56",2026-08-09 09:32:56 09:32:56,00:37:23,,,,
2026-08-09 09:47:38,86.5,76.3,63.6,29.18,703,29.18,2.2,94.8,72.7,311,86.4,session,"Session - Aug 9, 2026 09:32:56",2026-08-09 09:32:56 09:32:56,00:37:23,,,,
2026-08-09 09:47:43,86.8,76.6,63.7,29.18,703,29.18,2.2,95.5,73.1,311,86.7,session,"Session - Aug 9, 2026 09:32:56",2026-08-09 09:32:56 09:32:56,00:37:23,,,,
2026-08-09 09:47:48,87.1,77.0,63.7,29.18,701,29.18,1.8,96.4,73.3,312,87.1,session,"Session - Aug 9, 2026 09:32:56",2026-08-09 09:32:56 09:32:56,00:37:23,,,,
2026-08-09 09:47:53,87.3,77.2,63.9,29.18,703,29.18,1.6,97.0,73.6,311,87.3,session,"Session - Aug 9, 2026 09:32:56",2026-08-09 09:32:56 09:32:56,00:37:23,,,,
2026-08-09 09:47:58,87.5,77.2,64.0,29.19,694,29.19,1.4,97.3,73.8,311,87.4,session,"Session - Aug 9, 2026 09:32:56",2026-08-09 09:32:56 09:32:56,00:37:23,,,,
2026-08-09 09:48:03,87.4,77.2,64.0,29.19,693,29.19,1.3,97.3,73.7,311,87.4,session,"Session - Aug 9, 2026 09:32:56",2026-08-09 09:32:56 09:32:56,00:37:23,,,,
2026-08-09 09:48:08,87.2,77.0,63.7,29.18,694,29.18,1.1,96.4,73.5,311,87.1,session,"Session - Aug 9, 2026 09:32:56",2026-08-09 09:32:56 09:32:56,00:37:23,,,,
2026-08-09 09:48:13,87.1,76.8,63.4,29.19,693,29.19,0.9,96.4,73.2,311,87.1,session,"Session - Aug 9, 2026 09:32:56",2026-08-09 09:32:56 09:32:56,00:37:23,,,,
2026-08-09 09:48:18,86.9,76.6,63.3,29.19,693,29.19,0.9,95.9,73.0,312,86.9,session,"Session - Aug 9, 2026 09:32:56",2026-08-09 09:32:56 09:32:56,00:37:23,,,,
2026-08-09 09:48:23,86.7,76.5,63.4,29.19,689,29.19,1.3,95.0,72.7,311,86.5,session,"Session - Aug 9, 2026 09:32:56",2026-08-09 09:32:56 09:32:56,00:37:23,,,,
2026-08-09 09:48:28,86.3,76.1,63.3,29.19,689,29.19,1.6,94.3,72.3,312,86.2,session,"Session - Aug 9, 2026 09:32:56",2026-08-09 09:32:56 09:32:56,00:37:23,,,,
2026-08-09 09:48:33,86.3,76.1,63.2,29.19,689,29.19,1.4,94.3,72.3,311,86.2,session,"Session - Aug 9, 2026 09:32:56",2026-08-09 09:32:56 09:32:56,00:37:23,,,,
2026-08-09 09:48:38,86.2,75.9,63.2,29.20,686,29.20,1.6,94.3,72.2,312,86.2,session,"Session - Aug 9, 2026 09:32:56",2026-08-09 09:32:56 09:32:56,00:37:23,,,,
2026-08-09 09:48:43,86.1,75.9,63.3,29.20,686,29.20,1.4,93.9,72.1,311,86.0,session,"Session - Aug 9, 2026 09:32:56",2026-08-09 09:32:56 09:32:56,00:37:23,,,,
2026-08-09 09:48:48,86.0,75.7,63.6,29.20,686,29.20,1.4,94.1,72.2,311,86.0,session,"Session - Aug 9, 2026 09:32:56",2026-08-09 09:32:56 09:32:56,00:37:23,,,,
2026-08-09 09:48:53,86.1,75.9,63.8,29.20,686,29.20,1.4,94.1,72.4,311,86.0,session,"Session - Aug 9, 2026 09:32:56",2026-08-09 09:32:56 09:32:56,00:37:23,,,,
2026-08-09 09:48:58,85.8,75.7,64.0,29.20,686,29.20,1.4,93.7,72.2,311,85.8,session,"Session - Aug 9, 2026 09:32:56",2026-08-09 09:32:56 09:32:56,00:37:23,,,,
2026-08-09 09:49:03,85.8,75.9,64.2,29.20,683,29.20,1.4,93.6,72.3,311,85.6,session,"Session - Aug 9, 2026 09:32:56",2026-08-09 09:32:56 09:32:56,00:37:23,,,,
2026-08-09 09:49:08,85.7,75.9,64.5,29.20,681,29.20,1.3,93.6,72.4,311,85.6,session,"Session - Aug 9, 2026 09:32:56",2026-08-09 09:32:56 09:32:56,00:37:23,,,,
2026-08-09 09:49:13,85.7,76.1,64.7,29.20,681,29.20,1.3,93.7,72.4,311,85.6,session,"Session - Aug 9, 2026 09:32:56",2026-08-09 09:32:56 09:32:56,00:37:23,,,,
2026-08-09 09:49:18,85.6,75.9,64.8,29.20,678,29.20,1.1,93.2,72.4,312,85.5,session,"Session - Aug 9, 2026 09:32:56",2026-08-09 09:32:56 09:32:56,00:37:23,,,,
2026-08-09 09:49:23,85.6,75.9,65.0,29.20,681,29.20,1.3,93.4,72.5,311,85.6,session,"Session - Aug 9, 2026 09:32:56",2026-08-09 09:32:56 09:32:56,00:37:23,,,,
2026-08-09 09:49:28,86.0,76.3,65.0,29.21,678,29.21,1.3,94.3,72.8,311,85.8,session,"Session - Aug 9, 2026 09:32:56",2026-08-09 09:32:56 09:32:56,00:37:23,,,,
2026-08-09 09:49:33,86.1,76.5,65.1,29.21,678,29.21,1.6,94.6,73.0,312,86.0,session,"Session - Aug 9, 2026 09:32:56",2026-08-09 09:32:56 09:32:56,00:37:23,,,,
2026-08-09 09:49:38,86.0,76.3,65.1,29.21,673,29.21,1.7,94.3,72.9,312,85.8,session,"Session - Aug 9, 2026 09:32:56",2026-08-09 09:32:56 09:32:56,00:37:23,,,,
2026-08-09 09:49:43,85.4,75.7,65.0,29.21,673,29.21,1.5,93.0,72.3,311,85.3,session,"Session - Aug 9, 2026 09:32:56",2026-08-09 09:32:56 09:32:56,00:37:23,,,,
2026-08-09 09:49:48,85.3,75.6,65.0,29.21,673,29.21,1.6,93.0,72.2,312,85.3,session,"Session - Aug 9, 2026 09:32:56",2026-08-09 09:32:56 09:32:56,00:37:23,,,,
2026-08-09 09:49:53,85.0,75.6,65.1,29.21,670,29.21,1.7,92.3,72.0,311,84.9,session,"Session - Aug 9, 2026 09:32:56",2026-08-09 09:32:56 09:32:56,00:37:23,,,,
2026-08-09 09:49:58,85.0,75.6,65.2,29.21,666,29.21,1.8,92.3,72.0,312,84.9,session,"Session - Aug 9, 2026 09:32:56",2026-08-09 09:32:56 09:32:56,00:37:23,,,,
2026-08-09 09:50:03,84.8,75.2,65.2,29.22,665,29.22,1.7,91.9,71.8,311,84.7,session,"Session - Aug 9, 2026 09:32:56",2026-08-09 09:32:56 09:32:56,00:37:23,,,,
2026-08-09 09:50:08,84.9,75.6,65.2,29.22,665,29.22,2.2,91.9,71.9,312,84.7,session,"Session - Aug 9, 2026 09:32:56",2026-08-09 09:32:56 09:32:56,00:37:23,,,,
2026-08-09 09:50:13,85.2,75.6,65.0,29.22,665,29.22,2.1,92.7,72.1,311,85.1,session,"Session - Aug 9, 2026 09:32:56",2026-08-09 09:32:56 09:32:56,00:37:23,,,,
2026-08-09 09:50:18,85.3,75.6,64.8,29.22,662,29.22,2.3,93.0,72.1,311,85.3,session,"Session - Aug 9, 2026 09:32:56",2026-08-09 09:32:56 09:32:56,00:37:23,,,,
2026-08-09 09:50:23,85.2,75.6,64.5,29.22,658,29.22,2.5,92.5,71.9,311,85.1,session,"Session - Aug 9, 2026 09:32:56",2026-08-09 09:32:56 09:32:56,00:37:23,,,,
2026-08-09 09:50:28,84.9,75.0,64.3,29.23,658,29.23,2.3,91.6,71.5,312,84.7,session,"Session - Aug 9, 2026 09:32:56",2026-08-09 09:32:56 09:32:56,00:37:23,,,,
2026-08-09 09:50:34,84.3,74.7,64.2,29.23,658,29.23,2.3,90.5,70.9,311,84.2,session,"Session - Aug 9, 2026 09:32:56",2026-08-09 09:32:56 09:32:56,00:37:23,,,,
2026-08-09 09:50:38,83.9,74.1,64.2,29.23,655,29.23,2.0,89.6,70.5,312,83.8,session,"Session - Aug 9, 2026 09:32:56",2026-08-09 09:32:56 09:32:56,00:37:23,,,,
2026-08-09 09:50:44,83.9,74.5,64.5,29.23,655,29.23,1.4,89.6,70.6,311,83.8,session,"Session - Aug 9, 2026 09:32:56",2026-08-09 09:32:56 09:32:56,00:37:23,,,,
2026-08-09 09:50:48,84.2,74.7,64.8,29.23,658,29.22,1.6,90.5,71.1,311,84.2,session,"Session - Aug 9, 2026 09:32:56",2026-08-09 09:32:56 09:32:56,00:37:23,,,,
2026-08-09 09:50:53,84.6,75.0,65.1,29.23,653,29.23,1.8,91.4,71.6,312,84.6,session,"Session - Aug 9, 2026 09:32:56",2026-08-09 09:32:56 09:32:56,00:37:23,,,,
2026-08-09 09:50:58,84.8,75.6,65.4,29.23,653,29.23,1.5,91.9,71.9,312,84.7,session,"Session - Aug 9, 2026 09:32:56",2026-08-09 09:32:56 09:32:56,00:37:23,,,,
2026-08-09 09:51:03,85.1,75.7,65.6,29.23,653,29.23,2.1,92.8,72.3,311,85.1,session,"Session - Aug 9, 2026 09:32:56",2026-08-09 09:32:56 09:32:56,00:37:23,,,,
2026-08-09 09:51:08,85.6,76.1,65.7,29.23,650,29.23,2.2,93.6,72.7,311,85.5,session,"Session - Aug 9, 2026 09:32:56",2026-08-09 09:32:56 09:32:56,00:37:23,,,,
2026-08-09 09:51:13,85.7,76.3,65.6,29.23,647,29.23,2.2,94.1,72.9,312,85.6,session,"Session - Aug 9, 2026 09:32:56",2026-08-09 09:32:56 09:32:56,00:37:23,,,,
2026-08-09 09:51:18,85.7,76.3,65.7,29.23,645,29.24,2.0,94.1,72.9,312,85.6,session,"Session - Aug 9, 2026 09:32:56",2026-08-09 09:32:56 09:32:56,00:37:23,,,,
2026-08-09 09:51:23,85.5,76.3,65.9,29.24,645,29.24,1.9,93.7,72.8,312,85.5,session,"Session - Aug 9, 2026 09:32:56",2026-08-09 09:32:56 09:32:56,00:37:23,,,,
2026-08-09 09:51:28,85.4,76.1,65.9,29.24,642,29.24,1.7,93.4,72.6,312,85.3,session,"Session - Aug 9, 2026 09:32:56",2026-08-09 09:32:56 09:32:56,00:37:23,,,,
2026-08-09 09:51:33,85.3,75.9,65.8,29.24,642,29.24,1.6,93.4,72.6,311,85.3,session,"Session - Aug 9, 2026 09:32:56",2026-08-09 09:32:56 09:32:56,00:37:23,,,,
2026-08-09 09:51:38,85.4,75.9,65.6,29.24,645,29.24,1.7,93.2,72.5,312,85.3,session,"Session - Aug 9, 2026 09:32:56",2026-08-09 09:32:56 09:32:56,00:37:23,,,,
2026-08-09 09:51:43,85.5,75.9,65.3,29.24,642,29.24,1.6,93.6,72.5,311,85.5,session,"Session - Aug 9, 2026 09:32:56",2026-08-09 09:32:56 09:32:56,00:37:23,,,,
2026-08-09 09:51:48,85.5,75.9,65.3,29.24,645,29.24,1.2,93.4,72.5,312,85.5,session,"Session - Aug 9, 2026 09:32:56",2026-08-09 09:32:56 09:32:56,00:37:23,,,,
2026-08-09 09:51:53,86.0,76.5,65.4,29.24,642,29.24,1.2,94.8,73.1,312,86.0,session,"Session - Aug 9, 2026 09:32:56",2026-08-09 09:32:56 09:32:56,00:37:23,,,,
2026-08-09 09:51:58,86.6,77.0,65.7,29.24,639,29.24,1.5,96.1,73.8,313,86.5,session,"Session - Aug 9, 2026 09:32:56",2026-08-09 09:32:56 09:32:56,00:37:23,,,,
2026-08-09 09:52:03,87.0,77.5,66.0,29.24,639,29.25,1.5,97.2,74.2,314,86.9,session,"Session - Aug 9, 2026 09:32:56",2026-08-09 09:32:56 09:32:56,00:37:23,,,,
2026-08-09 09:52:08,86.9,77.5,66.2,29.25,639,29.25,0.8,97.2,74.2,314,86.9,session,"Session - Aug 9, 2026 09:32:56",2026-08-09 09:32:56 09:32:56,00:37:23,,,,
2026-08-09 09:52:13,86.6,77.4,66.4,29.25,639,29.25,0.0,96.4,74.0,314,86.5,session,"Session - Aug 9, 2026 09:32:56",2026-08-09 09:32:56 09:32:56,00:37:23,,,,
2026-08-09 09:52:18,86.4,77.2,66.3,29.25,637,29.25,0.0,95.9,73.8,314,86.4,session,"Session - Aug 9, 2026 09:32:56",2026-08-09 09:32:56 09:32:56,00:37:23,,,,
2026-08-09 09:52:23,86.5,77.0,66.2,29.25,637,29.25,0.0,95.9,73.8,314,86.4,session,"Session - Aug 9, 2026 09:32:56",2026-08-09 09:32:56 09:32:56,00:37:23,,,,
2026-08-09 09:52:28,86.5,77.2,66.3,29.25,637,29.25,0.0,95.9,73.9,315,86.4,session,"Session - Aug 9, 2026 09:32:56",2026-08-09 09:32:56 09:32:56,00:37:23,,,,
2026-08-09 09:52:33,86.5,77.4,66.9,29.25,637,29.25,0.0,96.3,74.2,314,86.4,session,"Session - Aug 9, 2026 09:32:56",2026-08-09 09:32:56 09:32:56,00:37:23,,,,
2026-08-09 09:52:38,86.8,77.7,67.1,29.24,639,29.24,1.4,97.2,74.6,311,86.7,session,"Session - Aug 9, 2026 09:32:56",2026-08-09 09:32:56 09:32:56,00:37:23,,,,
2026-08-09 09:52:43,87.0,77.7,67.0,29.25,634,29.25,1.0,97.5,74.7,311,86.9,session,"Session - Aug 9, 2026 09:32:56",2026-08-09 09:32:56 09:32:56,00:37:23,,,,
2026-08-09 09:52:48,87.0,77.7,66.8,29.25,637,29.25,1.6,97.5,74.6,311,86.9,session,"Session - Aug 9, 2026 09:32:56",2026-08-09 09:32:56 09:32:56,00:37:23,,,,
2026-08-09 09:52:53,86.8,77.4,66.2,29.25,637,29.25,0.8,96.8,74.1,314,86.7,session,"Session - Aug 9, 2026 09:32:56",2026-08-09 09:32:56 09:32:56,00:37:23,,,,
2026-08-09 09:52:58,86.7,77.2,65.8,29.25,637,29.25,0.9,96.6,73.9,314,86.7,session,"Session - Aug 9, 2026 09:32:56",2026-08-09 09:32:56 09:32:56,00:37:23,,,,
2026-08-09 09:53:03,86.6,77.2,66.0,29.25,637,29.25,0.0,96.3,73.8,314,86.5,session,"Session - Aug 9, 2026 09:32:56",2026-08-09 09:32:56 09:32:56,00:37:23,,,,
2026-08-09 09:53:08,86.3,77.0,66.4,29.25,637,29.25,0.0,95.5,73.8,312,86.2,session,"Session - Aug 9, 2026 09:32:56",2026-08-09 09:32:56 09:32:56,00:37:23,,,,
2026-08-09 09:53:13,86.2,77.0,66.7,29.25,637,29.25,0.0,95.7,73.8,312,86.2,session,"Session - Aug 9, 2026 09:32:56",2026-08-09 09:32:56 09:32:56,00:37:23,,,,
2026-08-09 09:53:18,86.0,76.6,66.2,29.25,634,29.25,0.0,95.0,73.4,312,86.0,session,"Session - Aug 9, 2026 09:32:56",2026-08-09 09:32:56 09:32:56,00:37:23,,,,
2026-08-09 09:53:23,86.1,76.5,65.1,29.25,634,29.25,0.0,94.6,73.1,312,86.0,session,"Session - Aug 9, 2026 09:32:56",2026-08-09 09:32:56 09:32:56,00:37:23,,,,
2026-08-09 09:53:28,86.1,76.3,64.6,29.25,637,29.25,0.0,94.5,72.7,314,86.0,session,"Session - Aug 9, 2026 09:32:56",2026-08-09 09:32:56 09:32:56,00:37:23,,,,
2026-08-09 09:53:33,85.7,75.9,64.3,29.25,637,29.25,0.0,93.6,72.3,312,85.6,session,"Session - Aug 9, 2026 09:32:56",2026-08-09 09:32:56 09:32:56,00:37:23,,,,
2026-08-09 09:53:38,85.6,75.7,64.2,29.25,637,29.25,0.0,93.0,72.1,312,85.5,session,"Session - Aug 9, 2026 09:32:56",2026-08-09 09:32:56 09:32:56,00:37:23,,,,
2026-08-09 09:53:43,85.7,75.7,63.9,29.25,637,29.25,0.0,93.4,72.1,312,85.6,session,"Session - Aug 9, 2026 09:32:56",2026-08-09 09:32:56 09:32:56,00:37:23,,,,
2026-08-09 09:53:48,85.7,75.7,63.8,29.25,637,29.25,0.0,93.4,72.1,311,85.6,session,"Session - Aug 9, 2026 09:32:56",2026-08-09 09:32:56 09:32:56,00:37:23,,,,
2026-08-09 09:53:53,85.2,75.2,63.8,29.25,637,29.25,0.0,92.3,71.5,309,85.1,session,"Session - Aug 9, 2026 09:32:56",2026-08-09 09:32:56 09:32:56,00:37:23,,,,
2026-08-09 09:53:58,84.1,74.3,63.8,29.25,637,29.25,0.0,89.8,70.5,309,84.0,session,"Session - Aug 9, 2026 09:32:56",2026-08-09 09:32:56 09:32:56,00:37:23,,,,
2026-08-09 09:54:03,83.2,73.6,63.9,29.25,637,29.25,0.0,87.8,69.7,310,83.1,session,"Session - Aug 9, 2026 09:32:56",2026-08-09 09:32:56 09:32:56,00:37:23,,,,
2026-08-09 09:54:08,82.7,73.0,64.1,29.25,637,29.25,0.0,86.9,69.3,309,82.6,session,"Session - Aug 9, 2026 09:32:56",2026-08-09 09:32:56 09:32:56,00:37:23,,,,
2026-08-09 09:54:13,82.9,73.6,64.7,29.25,637,29.25,0.0,87.3,69.8,314,82.8,session,"Session - Aug 9, 2026 09:32:56",2026-08-09 09:32:56 09:32:56,00:37:23,,,,
2026-08-09 09:54:18,83.2,74.1,65.6,29.25,637,29.25,0.0,88.5,70.5,314,83.1,session,"Session - Aug 9, 2026 09:32:56",2026-08-09 09:32:56 09:32:56,00:37:23,,,,
2026-08-09 09:54:23,83.5,74.7,66.8,29.25,637,29.25,0.0,89.1,71.2,313,83.3,session,"Session - Aug 9, 2026 09:32:56",2026-08-09 09:32:56 09:32:56,00:37:23,,,,
2026-08-09 09:54:28,83.7,75.0,67.4,29.25,637,29.25,0.0,90.1,71.8,313,83.7,session,"Session - Aug 9, 2026 09:32:56",2026-08-09 09:32:56 09:32:56,00:37:23,,,,
2026-08-09 09:54:34,84.0,75.6,68.0,29.25,637,29.25,0.0,90.9,72.3,309,83.8,session,"Session - Aug 9, 2026 09:32:56",2026-08-09 09:32:56 09:32:56,00:37:23,,,,
2026-08-09 09:54:38,84.1,75.6,68.0,29.25,639,29.25,0.0,91.2,72.4,314,84.0,session,"Session - Aug 9, 2026 09:32:56",2026-08-09 09:32:56 09:32:56,00:37:23,,,,
2026-08-09 09:54:43,84.3,75.7,68.3,29.25,634,29.25,0.0,91.8,72.7,314,84.2,session,"Session - Aug 9, 2026 09:32:56",2026-08-09 09:32:56 09:32:56,00:37:23,,,,
2026-08-09 09:54:48,84.6,76.1,68.5,29.25,637,29.25,0.8,92.7,73.1,314,84.6,session,"Session - Aug 9, 2026 09:32:56",2026-08-09 09:32:56 09:32:56,00:37:23,,,,
2026-08-09 09:54:53,84.7,76.5,68.7,29.25,637,29.25,0.0,93.2,73.3,314,84.7,session,"Session - Aug 9, 2026 09:32:56",2026-08-09 09:32:56 09:32:56,00:37:23,,,,
2026-08-09 09:54:58,84.9,76.5,68.8,29.25,637,29.25,1.1,93.2,73.5,314,84.7,session,"Session - Aug 9, 2026 09:32:56",2026-08-09 09:32:56 09:32:56,00:37:23,,,,
2026-08-09 09:55:03,85.0,76.6,68.8,29.25,634,29.25,1.4,93.6,73.6,314,84.9,session,"Session - Aug 9, 2026 09:32:56",2026-08-09 09:32:56 09:32:56,00:37:23,,,,
2026-08-09 09:55:08,85.0,76.6,68.6,29.25,634,29.25,1.4,93.6,73.5,314,84.9,session,"Session - Aug 9, 2026 09:32:56",2026-08-09 09:32:56 09:32:56,00:37:23,,,,
2026-08-09 09:55:13,85.1,76.5,68.2,29.26,630,29.25,1.0,93.4,73.4,313,84.9,session,"Session - Aug 9, 2026 09:32:56",2026-08-09 09:32:56 09:32:56,00:37:23,,,,
2026-08-09 09:55:18,85.0,76.5,68.2,29.25,634,29.25,1.5,93.4,73.4,314,84.9,session,"Session - Aug 9, 2026 09:32:56",2026-08-09 09:32:56 09:32:56,00:37:23,,,,
2026-08-09 09:55:23,85.0,76.3,67.9,29.26,630,29.26,1.3,93.4,73.2,314,84.9,session,"Session - Aug 9, 2026 09:32:56",2026-08-09 09:32:56 09:32:56,00:37:23,,,,
2026-08-09 09:55:28,84.9,76.3,67.6,29.26,630,29.26,0.8,93.2,73.0,314,84.9,session,"Session - Aug 9, 2026 09:32:56",2026-08-09 09:32:56 09:32:56,00:37:23,,,,
2026-08-09 09:55:33,84.9,76.1,67.4,29.26,630,29.25,0.9,93.0,72.9,314,84.9,session,"Session - Aug 9, 2026 09:32:56",2026-08-09 09:32:56 09:32:56,00:37:23,,,,
2026-08-09 09:55:38,84.9,76.1,67.4,29.26,629,29.26,0.0,93.0,72.9,314,84.9,session,"Session - Aug 9, 2026 09:32:56",2026-08-09 09:32:56 09:32:56,00:37:23,,,,
2026-08-09 09:55:43,84.9,76.3,67.5,29.26,629,29.26,0.0,93.2,73.0,313,84.9,session,"Session - Aug 9, 2026 09:32:56",2026-08-09 09:32:56 09:32:56,00:37:23,,,,
2026-08-09 09:55:48,84.9,76.1,67.4,29.26,629,29.26,0.0,92.7,72.9,314,84.7,session,"Session - Aug 9, 2026 09:32:56",2026-08-09 09:32:56 09:32:56,00:37:23,,,,
2026-08-09 09:55:53,85.0,76.1,67.1,29.26,630,29.26,0.0,93.0,72.9,314,84.9,session,"Session - Aug 9, 2026 09:32:56",2026-08-09 09:32:56 09:32:56,00:37:23,,,,
2026-08-09 09:55:58,85.0,76.1,66.9,29.24,645,29.24,0.0,93.0,72.8,312,84.9,session,"Session - Aug 9, 2026 09:32:56",2026-08-09 09:32:56 09:32:56,00:37:23,,,,
2026-08-09 09:56:03,84.8,75.7,66.6,29.25,639,29.25,0.0,92.3,72.4,311,84.7,session,"Session - Aug 9, 2026 09:32:56",2026-08-09 09:32:56 09:32:56,00:37:23,,,,
2026-08-09 09:56:08,84.4,75.4,66.2,29.26,629,29.26,0.0,91.0,71.9,311,84.4,session,"Session - Aug 9, 2026 09:32:56",2026-08-09 09:32:56 09:32:56,00:37:23,,,,
2026-08-09 09:56:13,84.2,75.0,65.8,29.26,629,29.26,0.0,90.9,71.5,311,84.2,session,"Session - Aug 9, 2026 09:32:56",2026-08-09 09:32:56 09:32:56,00:37:23,,,,
2026-08-09 09:56:18,84.1,74.8,65.7,29.26,629,29.26,0.0,90.5,71.4,311,84.0,session,"Session - Aug 9, 2026 09:32:56",2026-08-09 09:32:56 09:32:56,00:37:23,,,,
2026-08-09 09:56:23,84.1,75.0,66.0,29.26,629,29.26,0.0,90.5,71.5,310,84.0,session,"Session - Aug 9, 2026 09:32:56",2026-08-09 09:32:56 09:32:56,00:37:23,,,,
2026-08-09 09:56:28,84.3,75.2,66.2,29.26,625,29.26,0.0,91.0,71.8,310,84.2,session,"Session - Aug 9, 2026 09:32:56",2026-08-09 09:32:56 09:32:56,00:37:23,,,,
2026-08-09 09:56:33,84.2,75.4,66.6,29.26,625,29.26,0.0,91.2,71.9,311,84.2,session,"Session - Aug 9, 2026 09:32:56",2026-08-09 09:32:56 09:32:56,00:37:23,,,,
2026-08-09 09:56:38,84.2,75.4,66.7,29.26,625,29.26,0.0,91.2,71.9,311,84.2,session,"Session - Aug 9, 2026 09:32:56",2026-08-09 09:32:56 09:32:56,00:37:23,,,,
2026-08-09 09:56:43,84.1,75.4,66.8,29.26,625,29.26,0.0,90.9,71.9,311,84.0,session,"Session - Aug 9, 2026 09:32:56",2026-08-09 09:32:56 09:32:56,00:37:23,,,,
2026-08-09 09:56:48,84.1,75.4,66.9,29.26,625,29.26,0.0,90.9,71.9,310,84.0,session,"Session - Aug 9, 2026 09:32:56",2026-08-09 09:32:56 09:32:56,00:37:23,,,,
2026-08-09 09:56:53,84.0,75.2,67.0,29.26,622,29.26,0.0,90.5,71.9,311,83.8,session,"Session - Aug 9, 2026 09:32:56",2026-08-09 09:32:56 09:32:56,00:37:23,,,,
2026-08-09 09:56:58,83.8,75.0,67.1,29.26,622,29.26,0.0,90.1,71.7,310,83.7,session,"Session - Aug 9, 2026 09:32:56",2026-08-09 09:32:56 09:32:56,00:37:23,,,,
2026-08-09 09:57:04,83.9,75.0,67.3,29.26,625,29.26,0.0,90.5,71.9,311,83.8,session,"Session - Aug 9, 2026 09:32:56",2026-08-09 09:32:56 09:32:56,00:37:23,,,,
2026-08-09 09:57:08,83.7,75.0,67.4,29.26,625,29.26,0.0,90.1,71.8,311,83.7,session,"Session - Aug 9, 2026 09:32:56",2026-08-09 09:32:56 09:32:56,00:37:23,,,,
2026-08-09 09:57:13,83.6,75.0,67.6,29.26,625,29.26,0.0,90.0,71.7,311,83.5,session,"Session - Aug 9, 2026 09:32:56",2026-08-09 09:32:56 09:32:56,00:37:23,,,,
2026-08-09 09:57:18,83.4,74.8,67.7,29.26,629,29.26,0.0,89.4,71.6,311,83.3,session,"Session - Aug 9, 2026 09:32:56",2026-08-09 09:32:56 09:32:56,00:37:23,,,,
2026-08-09 09:57:23,83.3,74.8,67.9,29.25,637,29.25,0.0,89.4,71.6,311,83.3,session,"Session - Aug 9, 2026 09:32:56",2026-08-09 09:32:56 09:32:56,00:37:23,,,,
2026-08-09 09:57:28,83.2,74.8,68.0,29.25,637,29.25,0.0,89.1,71.6,310,83.1,session,"Session - Aug 9, 2026 09:32:56",2026-08-09 09:32:56 09:32:56,00:37:23,,,,
2026-08-09 09:57:33,83.4,75.0,68.3,29.26,630,29.26,0.0,89.6,71.9,311,83.3,session,"Session - Aug 9, 2026 09:32:56",2026-08-09 09:32:56 09:32:56,00:37:23,,,,
2026-08-09 09:57:38,83.5,75.2,68.6,29.25,630,29.25,0.0,90.1,72.1,310,83.5,session,"Session - Aug 9, 2026 09:32:56",2026-08-09 09:32:56 09:32:56,00:37:23,,,,
2026-08-09 09:57:43,83.6,75.4,68.9,29.26,629,29.26,0.0,90.1,72.3,311,83.5,session,"Session - Aug 9, 2026 09:32:56",2026-08-09 09:32:56 09:32:56,00:37:23,,,,
2026-08-09 09:57:48,83.6,75.4,69.1,29.26,629,29.26,0.0,90.3,72.4,311,83.5,session,"Session - Aug 9, 2026 09:32:56",2026-08-09 09:32:56 09:32:56,00:37:23,,,,
2026-08-09 09:57:53,83.8,75.6,69.4,29.26,629,29.26,0.0,90.9,72.7,311,83.7,session,"Session - Aug 9, 2026 09:32:56",2026-08-09 09:32:56 09:32:56,00:37:23,,,,
2026-08-09 09:57:58,83.7,75.6,69.3,29.26,625,29.26,0.0,90.9,72.6,311,83.7,session,"Session - Aug 9, 2026 09:32:56",2026-08-09 09:32:56 09:32:56,00:37:23,,,,
2026-08-09 09:58:03,83.7,75.6,69.0,29.26,625,29.26,1.3,90.7,72.5,311,83.7,session,"Session - Aug 9, 2026 09:32:56",2026-08-09 09:32:56 09:32:56,00:37:23,,,,
2026-08-09 09:58:08,83.8,75.6,68.9,29.26,629,29.26,1.5,90.7,72.5,311,83.7,session,"Session - Aug 9, 2026 09:32:56",2026-08-09 09:32:56 09:32:56,00:37:23,,,,
2026-08-09 09:58:13,83.8,75.6,68.7,29.23,647,29.24,1.2,90.5,72.4,311,83.7,session,"Session - Aug 9, 2026 09:32:56",2026-08-09 09:32:56 09:32:56,00:37:23,,,,
2026-08-09 09:58:18,84.0,75.6,68.6,29.23,653,29.23,1.5,91.0,72.5,311,83.8,session,"Session - Aug 9, 2026 09:32:56",2026-08-09 09:32:56 09:32:56,00:37:23,,,,
2026-08-09 09:58:23,84.0,75.6,68.5,29.25,637,29.25,2.0,91.0,72.5,312,83.8,session,"Session - Aug 9, 2026 09:32:56",2026-08-09 09:32:56 09:32:56,00:37:23,,,,
2026-08-09 09:58:28,84.0,75.6,68.4,29.25,630,29.25,2.0,91.0,72.4,311,83.8,session,"Session - Aug 9, 2026 09:32:56",2026-08-09 09:32:56 09:32:56,00:37:23,,,,
2026-08-09 09:58:33,83.9,75.6,68.3,29.26,630,29.25,1.9,91.0,72.4,312,83.8,session,"Session - Aug 9, 2026 09:32:56",2026-08-09 09:32:56 09:32:56,00:37:23,,,,
2026-08-09 09:58:38,83.8,75.4,68.3,29.26,630,29.26,1.9,90.5,72.3,312,83.8,session,"Session - Aug 9, 2026 09:32:56",2026-08-09 09:32:56 09:32:56,00:37:23,,,,
2026-08-09 09:58:43,83.8,75.4,68.5,29.25,637,29.25,2.2,90.5,72.3,313,83.7,session,"Session - Aug 9, 2026 09:32:56",2026-08-09 09:32:56 09:32:56,00:37:23,,,,
2026-08-09 09:58:48,83.7,75.4,68.6,29.26,630,29.26,2.0,90.5,72.3,312,83.7,session,"Session - Aug 9, 2026 09:32:56",2026-08-09 09:32:56 09:32:56,00:37:23,,,,
2026-08-09 09:58:53,83.7,75.4,68.5,29.25,634,29.25,2.0,90.5,72.2,313,83.7,session,"Session - Aug 9, 2026 09:32:56",2026-08-09 09:32:56 09:32:56,00:37:23,,,,
2026-08-09 09:58:58,83.8,75.2,68.3,29.25,634,29.25,1.7,90.5,72.2,313,83.7,session,"Session - Aug 9, 2026 09:32:56",2026-08-09 09:32:56 09:32:56,00:37:23,,,,
2026-08-09 09:59:04,84.0,75.6,68.0,29.25,634,29.25,1.7,90.9,72.2,313,83.8,session,"Session - Aug 9, 2026 09:32:56",2026-08-09 09:32:56 09:32:56,00:37:23,,,,
2026-08-09 09:59:08,84.1,75.6,67.9,29.25,634,29.25,1.3,91.2,72.4,314,84.0,session,"Session - Aug 9, 2026 09:32:56",2026-08-09 09:32:56 09:32:56,00:37:23,,,,
2026-08-09 09:59:13,84.3,75.7,67.9,29.25,634,29.25,1.2,91.6,72.6,314,84.2,session,"Session - Aug 9, 2026 09:32:56",2026-08-09 09:32:56 09:32:56,00:37:23,,,,
2026-08-09 09:59:19,84.3,75.7,68.1,29.25,634,29.25,1.4,91.6,72.6,314,84.2,session,"Session - Aug 9, 2026 09:32:56",2026-08-09 09:32:56 09:32:56,00:37:23,,,,
2026-08-09 09:59:23,84.3,75.7,68.2,29.25,634,29.25,1.3,91.8,72.7,314,84.2,session,"Session - Aug 9, 2026 09:32:56",2026-08-09 09:32:56 09:32:56,00:37:23,,,,
2026-08-09 09:59:28,84.4,75.9,68.3,29.25,634,29.25,1.2,92.1,72.8,314,84.4,session,"Session - Aug 9, 2026 09:32:56",2026-08-09 09:32:56 09:32:56,00:37:23,,,,
2026-08-09 09:59:33,84.4,75.9,68.3,29.23,645,29.24,1.4,92.3,72.8,309,84.4,session,"Session - Aug 9, 2026 09:32:56",2026-08-09 09:32:56 09:32:56,00:37:23,,,,
2026-08-09 09:59:38,84.7,76.1,68.3,29.25,637,29.25,1.4,92.7,73.1,310,84.6,session,"Session - Aug 9, 2026 09:32:56",2026-08-09 09:32:56 09:32:56,00:37:23,,,,
2026-08-09 09:59:43,84.8,76.3,68.4,29.23,658,29.22,1.0,93.0,73.2,310,84.7,session,"Session - Aug 9, 2026 09:32:56",2026-08-09 09:32:56 09:32:56,00:37:23,,,,
2026-08-09 09:59:48,84.9,76.5,68.4,29.22,665,29.22,0.8,93.0,73.3,309,84.7,session,"Session - Aug 9, 2026 09:32:56",2026-08-09 09:32:56 09:32:56,00:37:23,,,,
2026-08-09 09:59:53,85.2,76.6,68.5,29.22,666,29.22,0.0,93.9,73.7,310,85.1,session,"Session - Aug 9, 2026 09:32:56",2026-08-09 09:32:56 09:32:56,00:37:23,,,,
2026-08-09 09:59:58,85.4,76.8,68.4,29.21,666,29.21,0.0,94.3,73.8,310,85.3,session,"Session - Aug 9, 2026 09:32:56",2026-08-09 09:32:56 09:32:56,00:37:23,,,,
2026-08-09 10:00:03,85.5,76.8,68.2,29.23,650,29.23,1.2,94.6,73.8,309,85.5,session,"Session - Aug 9, 2026 09:32:56",2026-08-09 09:32:56 09:32:56,00:37:23,,,,
2026-08-09 10:00:08,85.0,76.5,68.0,29.23,650,29.23,2.4,93.4,73.3,310,84.9,session,"Session - Aug 9, 2026 09:32:56",2026-08-09 09:32:56 09:32:56,00:37:23,,,,
2026-08-09 10:00:13,84.8,76.3,67.7,29.23,653,29.23,2.3,92.8,73.0,310,84.7,session,"Session - Aug 9, 2026 09:32:56",2026-08-09 09:32:56 09:32:56,00:37:23,,,,
2026-08-09 10:00:18,84.5,75.7,67.4,29.23,655,29.23,2.7,91.8,72.5,309,84.4,session,"Session - Aug 9, 2026 09:32:56",2026-08-09 09:32:56 09:32:56,00:37:23,,,,
2026-08-09 10:00:23,84.1,75.4,67.3,29.23,655,29.23,2.6,91.0,72.1,310,84.0,session,"Session - Aug 9, 2026 09:32:56",2026-08-09 09:32:56 09:32:56,00:37:23,,,,
2026-08-09 10:00:28,83.9,75.0,67.1,29.23,658,29.23,2.6,90.5,71.8,310,83.8,session,"Session - Aug 9, 2026 09:32:56",2026-08-09 09:32:56 09:32:56,00:37:23,,,,
2026-08-09 10:00:33,83.7,74.8,67.1,29.23,658,29.22,2.6,90.1,71.6,310,83.7,session,"Session - Aug 9, 2026 09:32:56",2026-08-09 09:32:56 09:32:56,00:37:23,,,,
2026-08-09 10:00:38,83.6,74.8,67.2,29.22,662,29.22,2.6,89.8,71.6,309,83.5,session,"Session - Aug 9, 2026 09:32:56",2026-08-09 09:32:56 09:32:56,00:37:23,,,,
2026-08-09 10:00:43,83.5,74.8,67.4,29.22,665,29.22,2.6,89.2,71.5,309,83.3,session,"Session - Aug 9, 2026 09:32:56",2026-08-09 09:32:56 09:32:56,00:37:23,,,,
2026-08-09 10:00:48,83.4,74.7,67.5,29.21,675,29.21,2.5,89.4,71.5,310,83.3,session,"Session - Aug 9, 2026 09:32:56",2026-08-09 09:32:56 09:32:56,00:37:23,,,,
2026-08-09 10:00:53,83.1,74.7,67.8,29.21,666,29.21,2.0,89.1,71.4,310,83.1,session,"Session - Aug 9, 2026 09:32:56",2026-08-09 09:32:56 09:32:56,00:37:23,,,,
2026-08-09 10:00:58,82.9,74.5,67.9,29.20,683,29.20,1.8,88.7,71.2,310,82.9,session,"Session - Aug 9, 2026 09:32:56",2026-08-09 09:32:56 09:32:56,00:37:23,,,,
2026-08-09 10:01:03,83.1,74.7,67.9,29.20,681,29.20,1.9,88.7,71.4,310,82.9,session,"Session - Aug 9, 2026 09:32:56",2026-08-09 09:32:56 09:32:56,00:37:23,,,,
2026-08-09 10:01:08,83.2,74.7,68.0,29.20,686,29.20,1.7,89.1,71.6,310,83.1,session,"Session - Aug 9, 2026 09:32:56",2026-08-09 09:32:56 09:32:56,00:37:23,,,,
2026-08-09 10:01:13,83.4,74.8,68.1,29.20,686,29.20,2.4,89.6,71.8,310,83.3,session,"Session - Aug 9, 2026 09:32:56",2026-08-09 09:32:56 09:32:56,00:37:23,,,,
2026-08-09 10:01:18,83.4,74.8,68.0,29.19,689,29.19,2.5,89.6,71.7,309,83.3,session,"Session - Aug 9, 2026 09:32:56",2026-08-09 09:32:56 09:32:56,00:37:23,,,,
2026-08-09 10:01:23,83.1,74.7,67.7,29.19,686,29.19,2.2,89.1,71.4,310,83.1,session,"Session - Aug 9, 2026 09:32:56",2026-08-09 09:32:56 09:32:56,00:37:23,,,,
2026-08-09 10:01:28,83.2,74.7,67.7,29.19,693,29.19,2.2,89.1,71.4,310,83.1,session,"Session - Aug 9, 2026 09:32:56",2026-08-09 09:32:56 09:32:56,00:37:23,,,,
2026-08-09 10:01:33,83.3,74.7,68.0,29.19,693,29.19,2.2,89.6,71.7,310,83.3,session,"Session - Aug 9, 2026 09:32:56",2026-08-09 09:32:56 09:32:56,00:37:23,,,,
2026-08-09 10:01:38,83.3,74.8,68.3,29.20,683,29.20,2.1,89.6,71.7,310,83.3,session,"Session - Aug 9, 2026 09:32:56",2026-08-09 09:32:56 09:32:56,00:37:23,,,,
2026-08-09 10:01:43,83.2,74.8,68.6,29.19,689,29.19,2.1,89.2,71.8,309,83.1,session,"Session - Aug 9, 2026 09:32:56",2026-08-09 09:32:56 09:32:56,00:37:23,,,,
2026-08-09 10:01:48,83.2,74.8,68.7,29.19,686,29.19,2.1,89.2,71.8,310,83.1,session,"Session - Aug 9, 2026 09:32:56",2026-08-09 09:32:56 09:32:56,00:37:23,,,,
2026-08-09 10:01:53,83.0,74.7,68.7,29.19,693,29.19,2.1,88.9,71.7,310,82.9,session,"Session - Aug 9, 2026 09:32:56",2026-08-09 09:32:56 09:32:56,00:37:23,,,,
2026-08-09 10:01:58,82.9,74.7,68.6,29.19,693,29.19,2.0,88.5,71.5,310,82.9,session,"Session - Aug 9, 2026 09:32:56",2026-08-09 09:32:56 09:32:56,00:37:23,,,,
2026-08-09 10:02:03,82.9,74.7,68.7,29.18,694,29.18,2.2,88.5,71.5,309,82.8,session,"Session - Aug 9, 2026 09:32:56",2026-08-09 09:32:56 09:32:56,00:37:23,,,,
2026-08-09 10:02:08,82.9,74.7,68.6,29.18,701,29.18,2.5,88.5,71.5,310,82.9,session,"Session - Aug 9, 2026 09:32:56",2026-08-09 09:32:56 09:32:56,00:37:23,,,,
2026-08-09 10:02:13,82.9,74.7,68.4,29.18,703,29.18,2.0,88.5,71.4,307,82.8,session,"Session - Aug 9, 2026 09:32:56",2026-08-09 09:32:56 09:32:56,00:37:23,,,,
2026-08-09 10:02:18,82.9,74.7,68.3,29.18,698,29.18,1.8,88.5,71.4,309,82.9,session,"Session - Aug 9, 2026 09:32:56",2026-08-09 09:32:56 09:32:56,00:37:23,,,,
2026-08-09 10:02:23,82.8,74.5,68.3,29.18,701,29.18,1.5,88.3,71.3,308,82.8,session,"Session - Aug 9, 2026 09:32:56",2026-08-09 09:32:56 09:32:56,00:37:23,,,,
2026-08-09 10:02:28,83.1,74.7,68.3,29.18,701,29.18,1.2,88.9,71.5,310,82.9,session,"Session - Aug 9, 2026 09:32:56",2026-08-09 09:32:56 09:32:56,00:37:23,,,,
2026-08-09 10:02:33,83.2,74.8,68.6,29.18,703,29.18,1.8,89.2,71.8,310,83.1,session,"Session - Aug 9, 2026 09:32:56",2026-08-09 09:32:56 09:32:56,00:37:23,,,,
2026-08-09 10:02:38,83.3,75.0,69.1,29.16,720,29.16,1.6,90.0,72.1,310,83.3,session,"Session - Aug 9, 2026 09:32:56",2026-08-09 09:32:56 09:32:56,00:37:23,,,,
2026-08-09 10:02:43,83.4,75.4,69.4,29.17,709,29.17,1.7,90.0,72.3,310,83.3,session,"Session - Aug 9, 2026 09:32:56",2026-08-09 09:32:56 09:32:56,00:37:23,,,,
2026-08-09 10:02:48,83.5,75.6,69.5,29.17,709,29.17,1.7,90.3,72.5,310,83.5,session,"Session - Aug 9, 2026 09:32:56",2026-08-09 09:32:56 09:32:56,00:37:23,,,,
2026-08-09 10:02:53,83.5,75.6,69.6,29.17,710,29.17,1.9,90.5,72.5,310,83.5,session,"Session - Aug 9, 2026 09:32:56",2026-08-09 09:32:56 09:32:56,00:37:23,,,,
2026-08-09 10:02:58,83.5,75.6,69.7,29.16,720,29.16,1.8,90.1,72.5,310,83.3,session,"Session - Aug 9, 2026 09:32:56",2026-08-09 09:32:56 09:32:56,00:37:23,,,,
2026-08-09 10:03:03,83.5,75.6,70.1,29.17,710,29.17,1.8,90.1,72.7,309,83.3,session,"Session - Aug 9, 2026 09:32:56",2026-08-09 09:32:56 09:32:56,00:37:23,,,,
2026-08-09 10:03:08,83.5,75.6,70.0,29.17,713,29.17,1.5,90.5,72.7,311,83.5,session,"Session - Aug 9, 2026 09:32:56",2026-08-09 09:32:56 09:32:56,00:37:23,,,,
2026-08-09 10:03:14,83.5,75.6,69.8,29.17,713,29.17,1.4,90.5,72.6,310,83.5,session,"Session - Aug 9, 2026 09:32:56",2026-08-09 09:32:56 09:32:56,00:37:23,,,,
2026-08-09 10:03:18,83.6,75.6,69.7,29.15,728,29.15,1.2,90.5,72.6,311,83.5,session,"Session - Aug 9, 2026 09:32:56",2026-08-09 09:32:56 09:32:56,00:37:23,,,,
2026-08-09 10:03:23,83.7,75.6,69.6,29.15,728,29.15,1.5,90.9,72.7,311,83.7,session,"Session - Aug 9, 2026 09:32:56",2026-08-09 09:32:56 09:32:56,00:37:23,,,,
2026-08-09 10:03:28,83.8,75.6,69.3,29.16,717,29.16,1.5,90.9,72.6,311,83.7,session,"Session - Aug 9, 2026 09:32:56",2026-08-09 09:32:56 09:32:56,00:37:23,,,,
2026-08-09 10:03:33,83.9,75.6,69.3,29.17,710,29.17,1.2,91.2,72.7,308,83.8,session,"Session - Aug 9, 2026 09:32:56",2026-08-09 09:32:56 09:32:56,00:37:23,,,,
2026-08-09 10:03:38,84.0,75.9,69.6,29.17,710,29.17,0.8,91.8,73.1,303,84.0,session,"Session - Aug 9, 2026 09:32:56",2026-08-09 09:32:56 09:32:56,00:37:23,,,,
2026-08-09 10:03:43,84.1,76.3,70.3,29.17,710,29.17,0.7,91.9,73.4,311,84.0,session,"Session - Aug 9, 2026 09:32:56",2026-08-09 09:32:56 09:32:56,00:37:23,,,,
2026-08-09 10:03:48,84.1,76.3,70.4,29.17,713,29.17,1.0,92.1,73.4,311,84.0,session,"Session - Aug 9, 2026 09:32:56",2026-08-09 09:32:56 09:32:56,00:37:23,,,,
2026-08-09 10:03:53,84.1,76.1,69.9,29.15,722,29.16,1.5,91.9,73.2,310,84.0,session,"Session - Aug 9, 2026 09:32:56",2026-08-09 09:32:56 09:32:56,00:37:23,,,,
2026-08-09 10:03:58,84.1,76.1,69.6,29.16,717,29.16,2.1,91.8,73.1,311,84.0,session,"Session - Aug 9, 2026 09:32:56",2026-08-09 09:32:56 09:32:56,00:37:23,,,,
2026-08-09 10:04:03,84.2,75.9,69.0,29.15,722,29.15,2.0,92.1,72.9,311,84.2,session,"Session - Aug 9, 2026 09:32:56",2026-08-09 09:32:56 09:32:56,00:37:23,,,,
2026-08-09 10:04:08,84.2,75.7,68.6,29.15,722,29.15,1.8,91.8,72.7,310,84.2,session,"Session - Aug 9, 2026 09:32:56",2026-08-09 09:32:56 09:32:56,00:37:23,,,,
2026-08-09 10:04:13,84.2,75.6,68.2,29.16,717,29.16,1.6,91.6,72.6,310,84.2,session,"Session - Aug 9, 2026 09:32:56",2026-08-09 09:32:56 09:32:56,00:37:23,,,,
2026-08-09 10:04:19,84.2,75.6,68.0,29.17,709,29.17,1.5,91.6,72.5,310,84.2,session,"Session - Aug 9, 2026 09:32:56",2026-08-09 09:32:56 09:32:56,00:37:23,,,,
2026-08-09 10:04:23,84.1,75.4,67.9,29.17,706,29.17,1.7,91.2,72.3,310,84.0,session,"Session - Aug 9, 2026 09:32:56",2026-08-09 09:32:56 09:32:56,00:37:23,,,,
2026-08-09 10:04:28,84.0,75.4,67.7,29.17,706,29.17,1.7,91.2,72.2,310,84.0,session,"Session - Aug 9, 2026 09:32:56",2026-08-09 09:32:56 09:32:56,00:37:23,,,,
2026-08-09 10:04:33,84.0,75.4,67.5,29.17,709,29.17,2.1,91.2,72.1,310,84.0,session,"Session - Aug 9, 2026 09:32:56",2026-08-09 09:32:56 09:32:56,00:37:23,,,,
2026-08-09 10:04:38,84.1,75.4,67.4,29.17,709,29.17,1.7,91.0,72.1,308,84.0,session,"Session - Aug 9, 2026 09:32:56",2026-08-09 09:32:56 09:32:56,00:37:23,,,,
2026-08-09 10:04:43,84.3,75.6,67.4,29.18,706,29.18,1.8,91.4,72.4,308,84.2,session,"Session - Aug 9, 2026 09:32:56",2026-08-09 09:32:56 09:32:56,00:37:23,,,,
2026-08-09 10:04:48,84.4,75.6,67.5,29.17,709,29.17,2.3,91.4,72.4,310,84.2,session,"Session - Aug 9, 2026 09:32:56",2026-08-09 09:32:56 09:32:56,00:37:23,,,,
2026-08-09 10:04:53,84.2,75.2,67.1,29.16,722,29.16,2.8,90.9,72.0,311,84.0,session,"Session - Aug 9, 2026 09:32:56",2026-08-09 09:32:56 09:32:56,00:37:23,,,,
2026-08-09 10:04:58,84.1,75.0,66.8,29.17,710,29.17,2.3,90.7,71.8,309,84.0,session,"Session - Aug 9, 2026 09:32:56",2026-08-09 09:32:56 09:32:56,00:37:23,,,,
2026-08-09 10:05:03,83.9,74.8,66.8,29.17,710,29.17,2.1,90.3,71.7,310,83.8,session,"Session - Aug 9, 2026 09:32:56",2026-08-09 09:32:56 09:32:56,00:37:23,,,,
2026-08-09 10:05:08,83.9,75.0,66.9,29.17,710,29.17,2.0,90.3,71.7,310,83.8,session,"Session - Aug 9, 2026 09:32:56",2026-08-09 09:32:56 09:32:56,00:37:23,,,,
2026-08-09 10:05:13,84.0,75.2,67.0,29.17,710,29.17,1.6,90.9,71.9,311,84.0,session,"Session - Aug 9, 2026 09:32:56",2026-08-09 09:32:56 09:32:56,00:37:23,,,,
2026-08-09 10:05:18,84.0,75.2,67.0,29.17,713,29.17,2.3,90.9,71.9,309,84.0,session,"Session - Aug 9, 2026 09:32:56",2026-08-09 09:32:56 09:32:56,00:37:23,,,,
2026-08-09 10:05:23,84.1,75.2,67.0,29.15,733,29.15,2.3,90.9,72.0,309,84.0,session,"Session - Aug 9, 2026 09:32:56",2026-08-09 09:32:56 09:32:56,00:37:23,,,,
2026-08-09 10:05:28,84.3,75.4,67.1,29.16,720,29.16,2.1,91.4,72.1,309,84.2,session,"Session - Aug 9, 2026 09:32:56",2026-08-09 09:32:56 09:32:56,00:37:23,,,,
2026-08-09 10:05:33,84.3,75.4,67.1,29.15,725,29.15,1.8,91.4,72.2,309,84.2,session,"Session - Aug 9, 2026 09:32:56",2026-08-09 09:32:56 09:32:56,00:37:23,,,,
2026-08-09 10:05:38,84.4,75.6,67.0,29.16,722,29.16,1.8,91.8,72.2,309,84.4,session,"Session - Aug 9, 2026 09:32:56",2026-08-09 09:32:56 09:32:56,00:37:23,,,,
2026-08-09 10:05:43,84.0,75.2,67.4,29.15,725,29.15,2.4,90.5,72.0,310,83.8,session,"Session - Aug 9, 2026 09:32:56",2026-08-09 09:32:56 09:32:56,00:37:23,,,,
2026-08-09 10:05:48,83.6,75.0,67.7,29.15,725,29.15,2.5,90.0,71.8,310,83.5,session,"Session - Aug 9, 2026 09:32:56",2026-08-09 09:32:56 09:32:56,00:37:23,,,,
2026-08-09 10:05:53,83.4,74.8,68.2,29.15,728,29.15,2.3,89.6,71.8,309,83.3,session,"Session - Aug 9, 2026 09:32:56",2026-08-09 09:32:56 09:32:56,00:37:23,,,,
2026-08-09 10:05:58,83.3,74.7,68.1,29.14,738,29.14,1.7,89.6,71.7,310,83.3,session,"Session - Aug 9, 2026 09:32:56",2026-08-09 09:32:56 09:32:56,00:37:23,,,,
2026-08-09 10:06:04,83.5,74.8,68.0,29.14,741,29.13,1.8,90.0,71.8,310,83.5,session,"Session - Aug 9, 2026 09:32:56",2026-08-09 09:32:56 09:32:56,00:37:23,,,,
2026-08-09 10:06:09,83.7,75.0,68.1,29.13,745,29.13,1.5,90.3,72.0,311,83.7,session,"Session - Aug 9, 2026 09:32:56",2026-08-09 09:32:56 09:32:56,00:37:23,,,,
2026-08-09 10:06:13,83.8,75.2,68.2,29.13,748,29.13,1.3,90.5,72.2,311,83.8,session,"Session - Aug 9, 2026 09:32:56",2026-08-09 09:32:56 09:32:56,00:37:23,,,,
2026-08-09 10:06:18,84.1,75.6,68.4,29.14,736,29.14,0.8,91.4,72.5,310,84.0,session,"Session - Aug 9, 2026 09:32:56",2026-08-09 09:32:56 09:32:56,00:37:23,,,,
2026-08-09 10:06:23,84.3,75.9,68.7,29.14,736,29.14,0.8,91.8,72.8,310,84.2,session,"Session - Aug 9, 2026 09:32:56",2026-08-09 09:32:56 09:32:56,00:37:23,,,,
2026-08-09 10:06:28,84.3,76.1,68.8,29.15,730,29.15,0.0,91.9,73.0,310,84.2,session,"Session - Aug 9, 2026 09:32:56",2026-08-09 09:32:56 09:32:56,00:37:23,,,,
2026-08-09 10:06:33,84.5,76.3,68.9,29.15,728,29.15,0.0,92.5,73.2,310,84.4,session,"Session - Aug 9, 2026 09:32:56",2026-08-09 09:32:56 09:32:56,00:37:23,,,,
2026-08-09 10:06:38,84.6,76.3,69.1,29.15,730,29.15,0.0,92.8,73.3,310,84.6,session,"Session - Aug 9, 2026 09:32:56",2026-08-09 09:32:56 09:32:56,00:37:23,,,,
2026-08-09 10:06:43,84.7,76.5,69.0,29.15,730,29.15,0.0,92.8,73.3,310,84.6,session,"Session - Aug 9, 2026 09:32:56",2026-08-09 09:32:56 09:32:56,00:37:23,,,,
2026-08-09 10:06:48,84.6,76.3,68.9,29.15,733,29.15,0.0,92.7,73.3,310,84.6,session,"Session - Aug 9, 2026 09:32:56",2026-08-09 09:32:56 09:32:56,00:37:23,,,,
2026-08-09 10:06:53,84.5,76.1,68.5,29.14,736,29.14,0.0,92.3,73.0,310,84.4,session,"Session - Aug 9, 2026 09:32:56",2026-08-09 09:32:56 09:32:56,00:37:23,,,,
2026-08-09 10:06:58,84.4,75.9,68.1,29.14,733,29.14,0.0,92.1,72.8,310,84.4,session,"Session - Aug 9, 2026 09:32:56",2026-08-09 09:32:56 09:32:56,00:37:23,,,,
2026-08-09 10:07:03,84.3,75.7,67.8,29.15,733,29.15,0.0,91.6,72.5,310,84.2,session,"Session - Aug 9, 2026 09:32:56",2026-08-09 09:32:56 09:32:56,00:37:23,,,,
2026-08-09 10:07:08,84.3,75.7,67.7,29.13,745,29.13,1.2,91.6,72.5,310,84.2,session,"Session - Aug 9, 2026 09:32:56",2026-08-09 09:32:56 09:32:56,00:37:23,,,,
2026-08-09 10:07:13,84.4,75.7,67.5,29.12,753,29.12,2.2,91.8,72.4,310,84.4,session,"Session - Aug 9, 2026 09:32:56",2026-08-09 09:32:56 09:32:56,00:37:23,,,,
2026-08-09 10:07:18,84.5,75.4,66.8,29.13,750,29.13,2.2,91.6,72.2,310,84.4,session,"Session - Aug 9, 2026 09:32:56",2026-08-09 09:32:56 09:32:56,00:37:23,,,,
2026-08-09 10:07:23,84.6,75.4,66.4,29.12,753,29.12,2.4,91.9,72.2,310,84.6,session,"Session - Aug 9, 2026 09:32:56",2026-08-09 09:32:56 09:32:56,00:37:23,,,,
2026-08-09 10:07:28,84.7,75.6,66.1,29.14,738,29.14,2.5,91.8,72.1,310,84.6,session,"Session - Aug 9, 2026 09:32:56",2026-08-09 09:32:56 09:32:56,00:37:23,,,,
2026-08-09 10:07:33,84.4,75.0,65.4,29.13,745,29.13,2.5,90.7,71.5,310,84.2,session,"Session - Aug 9, 2026 09:32:56",2026-08-09 09:32:56 09:32:56,00:37:23,,,,
2026-08-09 10:07:38,84.2,74.8,65.0,29.14,741,29.14,2.4,90.7,71.2,310,84.2,session,"Session - Aug 9, 2026 09:32:56",2026-08-09 09:32:56 09:32:56,00:37:23,,,,
2026-08-09 10:07:43,84.3,74.8,64.8,29.14,736,29.14,2.8,90.7,71.2,310,84.2,session,"Session - Aug 9, 2026 09:32:56",2026-08-09 09:32:56 09:32:56,00:37:23,,,,
2026-08-09 10:07:48,84.3,74.7,64.8,29.14,738,29.14,3.1,90.5,71.1,310,84.2,session,"Session - Aug 9, 2026 09:32:56",2026-08-09 09:32:56 09:32:56,00:37:23,,,,
2026-08-09 10:07:53,84.3,74.7,64.7,29.14,738,29.14,2.2,90.5,71.1,310,84.2,session,"Session - Aug 9, 2026 09:32:56",2026-08-09 09:32:56 09:32:56,00:37:23,,,,
2026-08-09 10:07:58,84.2,74.7,64.8,29.14,738,29.14,2.4,90.5,71.1,310,84.2,session,"Session - Aug 9, 2026 09:32:56",2026-08-09 09:32:56 09:32:56,00:37:23,,,,
2026-08-09 10:08:03,84.1,74.5,64.6,29.14,738,29.14,1.4,90.1,70.9,310,84.0,session,"Session - Aug 9, 2026 09:32:56",2026-08-09 09:32:56 09:32:56,00:37:23,,,,
2026-08-09 10:08:08,84.0,74.5,64.8,29.14,741,29.14,0.8,89.8,70.9,310,83.8,session,"Session - Aug 9, 2026 09:32:56",2026-08-09 09:32:56 09:32:56,00:37:23,,,,
2026-08-09 10:08:13,84.5,75.0,65.4,29.14,741,29.14,0.8,91.2,71.6,311,84.4,session,"Session - Aug 9, 2026 09:32:56",2026-08-09 09:32:56 09:32:56,00:37:23,,,,
2026-08-09 10:08:18,84.8,75.6,66.2,29.14,741,29.14,0.8,92.3,72.3,311,84.7,session,"Session - Aug 9, 2026 09:32:56",2026-08-09 09:32:56 09:32:56,00:37:23,,,,
2026-08-09 10:08:23,85.1,76.3,67.5,29.14,741,29.14,0.0,93.7,73.1,311,85.1,session,"Session - Aug 9, 2026 09:32:56",2026-08-09 09:32:56 09:32:56,00:37:23,,,,
2026-08-09 10:08:28,85.3,76.6,68.2,29.14,741,29.14,0.0,94.3,73.6,311,85.3,session,"Session - Aug 9, 2026 09:32:56",2026-08-09 09:32:56 09:32:56,00:37:23,,,,
2026-08-09 10:08:33,85.4,76.8,68.6,29.12,753,29.12,0.9,94.3,73.9,310,85.3,session,"Session - Aug 9, 2026 09:32:56",2026-08-09 09:32:56 09:32:56,00:37:23,,,,
2026-08-09 10:08:38,85.5,76.8,68.3,29.12,756,29.12,0.0,94.8,73.8,311,85.5,session,"Session - Aug 9, 2026 09:32:56",2026-08-09 09:32:56 09:32:56,00:37:23,,,,
2026-08-09 10:08:43,85.5,76.6,67.4,29.12,756,29.12,1.9,94.3,73.5,310,85.5,session,"Session - Aug 9, 2026 09:32:56",2026-08-09 09:32:56 09:32:56,00:37:23,,,,
2026-08-09 10:08:48,85.4,76.3,66.7,29.13,748,29.13,3.3,93.6,73.0,310,85.3,session,"Session - Aug 9, 2026 09:32:56",2026-08-09 09:32:56 09:32:56,00:37:23,,,,
2026-08-09 10:08:53,85.2,75.7,65.7,29.14,738,29.14,2.7,92.8,72.4,310,85.1,session,"Session - Aug 9, 2026 09:32:56",2026-08-09 09:32:56 09:32:56,00:37:23,,,,
2026-08-09 10:08:58,85.0,75.6,65.2,29.14,738,29.14,2.1,92.3,72.0,310,84.9,session,"Session - Aug 9, 2026 09:32:56",2026-08-09 09:32:56 09:32:56,00:37:23,,,,
2026-08-09 10:09:03,84.8,75.2,64.7,29.14,741,29.14,1.9,91.8,71.6,309,84.7,session,"Session - Aug 9, 2026 09:32:56",2026-08-09 09:32:56 09:32:56,00:37:23,,,,
2026-08-09 10:09:08,84.8,75.2,64.5,29.12,753,29.12,2.9,91.6,71.5,308,84.7,session,"Session - Aug 9, 2026 09:32:56",2026-08-09 09:32:56 09:32:56,00:37:23,,,,
2026-08-09 10:09:13,84.8,74.8,64.1,29.12,761,29.12,3.0,91.6,71.3,310,84.7,session,"Session - Aug 9, 2026 09:32:56",2026-08-09 09:32:56 09:32:56,00:37:23,,,,
2026-08-09 10:09:18,84.7,74.8,64.0,29.13,745,29.13,2.8,91.0,71.1,309,84.6,session,"Session - Aug 9, 2026 09:32:56",2026-08-09 09:32:56 09:32:56,00:37:23,,,,
2026-08-09 10:09:23,84.6,74.7,63.8,29.13,745,29.13,2.8,91.0,70.9,312,84.6,session,"Session - Aug 9, 2026 09:32:56",2026-08-09 09:32:56 09:32:56,00:37:23,,,,
2026-08-09 10:09:28,84.4,74.7,63.7,29.13,748,29.13,3.3,90.5,70.8,310,84.4,session,"Session - Aug 9, 2026 09:32:56",2026-08-09 09:32:56 09:32:56,00:37:23,,,,
2026-08-09 10:09:33,84.2,74.3,63.6,29.13,748,29.13,3.6,90.1,70.5,312,84.2,session,"Session - Aug 9, 2026 09:32:56",2026-08-09 09:32:56 09:32:56,00:37:23,,,,
2026-08-09 10:09:38,84.1,74.1,63.5,29.13,748,29.13,2.8,89.8,70.4,309,84.0,session,"Session - Aug 9, 2026 09:32:56",2026-08-09 09:32:56 09:32:56,00:37:23,,,,
2026-08-09 10:09:43,84.0,74.1,63.6,29.13,750,29.13,2.7,89.8,70.4,310,84.0,session,"Session - Aug 9, 2026 09:32:56",2026-08-09 09:32:56 09:32:56,00:37:23,,,,
2026-08-09 10:09:48,84.0,74.1,63.7,29.13,748,29.13,2.9,89.8,70.4,310,84.0,session,"Session - Aug 9, 2026 09:32:56",2026-08-09 09:32:56 09:32:56,00:37:23,,,,
2026-08-09 10:09:53,84.1,74.3,63.9,29.13,748,29.13,2.6,89.8,70.5,310,84.0,session,"Session - Aug 9, 2026 09:32:56",2026-08-09 09:32:56 09:32:56,00:37:23,,,,
2026-08-09 10:09:58,84.1,74.5,64.1,29.13,748,29.13,2.8,90.0,70.6,309,84.0,session,"Session - Aug 9, 2026 09:32:56",2026-08-09 09:32:56 09:32:56,00:37:23,,,,
2026-08-09 10:10:03,84.1,74.5,64.2,29.13,745,29.13,2.5,90.0,70.7,310,84.0,session,"Session - Aug 9, 2026 09:32:56",2026-08-09 09:32:56 09:32:56,00:37:23,,,,
2026-08-09 10:10:08,84.1,74.5,64.3,29.13,748,29.13,2.0,90.0,70.7,310,84.0,session,"Session - Aug 9, 2026 09:32:56",2026-08-09 09:32:56 09:32:56,00:37:23,,,,
2026-08-09 10:10:13,84.1,74.5,64.7,29.13,748,29.13,1.2,90.1,70.9,310,84.0,session,"Session - Aug 9, 2026 09:32:56",2026-08-09 09:32:56 09:32:56,00:37:23,,,,
2026-08-09 10:10:18,84.1,74.7,65.0,29.13,750,29.13,0.0,90.3,71.1,312,84.0,session,"Session - Aug 9, 2026 09:32:56",2026-08-09 09:32:56 09:32:56,00:37:23,,,,