Device Name,3550FW - 3109171
Device Model,3550FW
Serial Number,3109171
FORMATTED DATE_TIME,Temperature,Wet Bulb Temp,Relative Humidity,Barometric Pressure,Altitude,Station Pressure,Wind Speed,Heat Index,Dew Point,Compass Magnetic Direction,Wind Chill,Data Type,Record name,Start time,Duration (H:M:S),Location description,Location address,Location coordinates,Notes
yyyy-MM-dd hh:mm:ss a,°F,°F,%,inHg,ft,inHg,mph,°F,°F,Deg,°F
2025-10-21 01:56:35 PM,79.6,63.5,42.1,28.97,900,28.97,0.0,78.1,54.5,243,79.5,session,"Session - Oct 21, 2025 1:56:31 PM",2025-10-21 01:56:31 PM 1:56:31 PM,00:26:47,,,,Enter Notes
2025-10-21 01:56:40 PM,79.1,63.1,42.1,28.97,900,28.97,0.0,77.4,54.2,243,79.0,session,"Session - Oct 21, 2025 1:56:31 PM",2025-10-21 01:56:31 PM 1:56:31 PM,00:26:47,,,,Enter Notes
2025-10-21 01:56:45 PM,78.8,63.0,42.2,28.97,897,28.97,0.0,77.2,53.9,243,78.8,session,"Session - Oct 21, 2025 1:56:31 PM",2025-10-21 01:56:31 PM 1:56:31 PM,00:26:47,,,,Enter Notes
2025-10-21 01:56:50 PM,78.2,62.6,42.2,28.97,900,28.97,2.8,76.3,53.4,243,78.1,session,"Session - Oct 21, 2025 1:56:31 PM",2025-10-21 01:56:31 PM 1:56:31 PM,00:26:47,,,,Enter Notes
2025-10-21 01:56:55 PM,77.5,62.1,42.3,28.97,897,28.97,2.5,75.7,52.9,243,77.5,session,"Session - Oct 21, 2025 1:56:31 PM",2025-10-21 01:56:31 PM 1:56:31 PM,00:26:47,,,,Enter Notes
2025-10-21 01:57:00 PM,78.3,62.6,42.5,28.97,900,28.97,0.9,76.5,53.6,242,78.3,session,"Session - Oct 21, 2025 1:56:31 PM",2025-10-21 01:56:31 PM 1:56:31 PM,00:26:47,,,,Enter Notes
2025-10-21 01:57:05 PM,78.8,63.1,42.6,28.97,900,28.97,1.0,77.2,54.2,242,78.8,session,"Session - Oct 21, 2025 1:56:31 PM",2025-10-21 01:56:31 PM 1:56:31 PM,00:26:47,,,,Enter Notes
2025-10-21 01:57:10 PM,79.2,63.5,42.9,28.97,903,28.97,0.9,77.5,54.7,239,79.2,session,"Session - Oct 21, 2025 1:56:31 PM",2025-10-21 01:56:31 PM 1:56:31 PM,00:26:47,,,,Enter Notes
2025-10-21 01:57:15 PM,79.2,63.5,42.9,28.97,900,28.97,0.9,77.5,54.8,239,79.2,session,"Session - Oct 21, 2025 1:56:31 PM",2025-10-21 01:56:31 PM 1:56:31 PM,00:26:47,,,,Enter Notes
2025-10-21 01:57:20 PM,79.0,63.3,42.8,28.97,900,28.97,0.0,77.4,54.5,239,79.0,session,"Session - Oct 21, 2025 1:56:31 PM",2025-10-21 01:56:31 PM 1:56:31 PM,00:26:47,,,,Enter Notes
2025-10-21 01:57:25 PM,79.0,63.3,42.7,28.97,900,28.97,0.0,77.4,54.4,238,79.0,session,"Session - Oct 21, 2025 1:56:31 PM",2025-10-21 01:56:31 PM 1:56:31 PM,00:26:47,,,,Enter Notes
2025-10-21 01:57:30 PM,78.2,62.6,42.6,28.97,900,28.97,0.0,76.3,53.7,238,78.1,session,"Session - Oct 21, 2025 1:56:31 PM",2025-10-21 01:56:31 PM 1:56:31 PM,00:26:47,,,,Enter Notes
2025-10-21 01:57:35 PM,77.3,62.1,42.6,28.97,900,28.97,0.9,75.2,52.8,239,77.2,session,"Session - Oct 21, 2025 1:56:31 PM",2025-10-21 01:56:31 PM 1:56:31 PM,00:26:47,,,,Enter Notes
2025-10-21 01:57:40 PM,77.2,61.9,42.7,28.97,903,28.97,0.8,75.2,52.8,242,77.2,session,"Session - Oct 21, 2025 1:56:31 PM",2025-10-21 01:56:31 PM 1:56:31 PM,00:26:47,,,,Enter Notes
2025-10-21 01:57:45 PM,77.5,62.2,42.9,28.97,900,28.97,0.9,75.4,53.2,243,77.4,session,"Session - Oct 21, 2025 1:56:31 PM",2025-10-21 01:56:31 PM 1:56:31 PM,00:26:47,,,,Enter Notes
2025-10-21 01:57:50 PM,78.4,63.1,43.4,28.97,903,28.97,1.3,76.6,54.3,243,78.3,session,"Session - Oct 21, 2025 1:56:31 PM",2025-10-21 01:56:31 PM 1:56:31 PM,00:26:47,,,,Enter Notes
2025-10-21 01:57:55 PM,78.8,63.5,43.6,28.97,900,28.97,3.1,77.4,54.8,243,78.8,session,"Session - Oct 21, 2025 1:56:31 PM",2025-10-21 01:56:31 PM 1:56:31 PM,00:26:47,,,,Enter Notes
2025-10-21 01:58:00 PM,78.7,63.3,43.5,28.96,905,28.96,3.1,77.2,54.7,242,78.6,session,"Session - Oct 21, 2025 1:56:31 PM",2025-10-21 01:56:31 PM 1:56:31 PM,00:26:47,,,,Enter Notes
2025-10-21 01:58:05 PM,78.8,63.3,43.4,28.96,903,28.96,3.0,77.4,54.7,242,78.8,session,"Session - Oct 21, 2025 1:56:31 PM",2025-10-21 01:56:31 PM 1:56:31 PM,00:26:47,,,,Enter Notes
2025-10-21 01:58:10 PM,79.1,63.7,43.2,28.96,905,28.96,0.8,77.5,54.8,242,79.0,session,"Session - Oct 21, 2025 1:56:31 PM",2025-10-21 01:56:31 PM 1:56:31 PM,00:26:47,,,,Enter Notes
2025-10-21 01:58:15 PM,79.4,63.9,43.1,28.96,903,28.96,1.3,77.9,55.1,242,79.3,session,"Session - Oct 21, 2025 1:56:31 PM",2025-10-21 01:56:31 PM 1:56:31 PM,00:26:47,,,,Enter Notes
2025-10-21 01:58:20 PM,80.0,64.2,43.1,28.96,905,28.96,0.0,78.6,55.6,242,79.9,session,"Session - Oct 21, 2025 1:56:31 PM",2025-10-21 01:56:31 PM 1:56:31 PM,00:26:47,,,,Enter Notes
2025-10-21 01:58:25 PM,80.6,64.8,43.1,28.96,903,28.96,1.2,79.2,56.1,242,80.4,session,"Session - Oct 21, 2025 1:56:31 PM",2025-10-21 01:56:31 PM 1:56:31 PM,00:26:47,,,,Enter Notes
2025-10-21 01:58:30 PM,80.8,64.9,43.0,28.96,903,28.96,0.8,79.7,56.3,242,80.8,session,"Session - Oct 21, 2025 1:56:31 PM",2025-10-21 01:56:31 PM 1:56:31 PM,00:26:47,,,,Enter Notes
2025-10-21 01:58:35 PM,81.1,65.1,43.0,28.96,905,28.96,0.0,79.7,56.4,242,81.0,session,"Session - Oct 21, 2025 1:56:31 PM",2025-10-21 01:56:31 PM 1:56:31 PM,00:26:47,,,,Enter Notes
2025-10-21 01:58:40 PM,81.3,65.1,42.8,28.96,905,28.96,0.8,79.9,56.6,242,81.1,session,"Session - Oct 21, 2025 1:56:31 PM",2025-10-21 01:56:31 PM 1:56:31 PM,00:26:47,,,,Enter Notes
2025-10-21 01:58:45 PM,81.5,65.3,42.7,28.96,908,28.96,0.8,80.4,56.7,242,81.5,session,"Session - Oct 21, 2025 1:56:31 PM",2025-10-21 01:56:31 PM 1:56:31 PM,00:26:47,,,,Enter Notes
2025-10-21 01:58:50 PM,81.9,65.7,42.6,28.96,905,28.96,0.9,80.8,56.9,242,81.9,session,"Session - Oct 21, 2025 1:56:31 PM",2025-10-21 01:56:31 PM 1:56:31 PM,00:26:47,,,,Enter Notes
2025-10-21 01:58:55 PM,82.2,65.8,42.5,28.95,912,28.96,0.9,81.0,57.1,243,82.0,session,"Session - Oct 21, 2025 1:56:31 PM",2025-10-21 01:56:31 PM 1:56:31 PM,00:26:47,,,,Enter Notes
2025-10-21 01:59:00 PM,82.0,65.5,42.0,28.95,912,28.95,1.5,80.6,56.6,242,81.9,session,"Session - Oct 21, 2025 1:56:31 PM",2025-10-21 01:56:31 PM 1:56:31 PM,00:26:47,,,,Enter Notes
2025-10-21 01:59:05 PM,81.7,65.1,41.5,28.95,912,28.96,2.5,80.4,56.1,242,81.7,session,"Session - Oct 21, 2025 1:56:31 PM",2025-10-21 01:56:31 PM 1:56:31 PM,00:26:47,,,,Enter Notes
2025-10-21 01:59:10 PM,81.0,64.4,41.0,28.95,912,28.95,2.3,79.5,55.1,242,81.0,session,"Session - Oct 21, 2025 1:56:31 PM",2025-10-21 01:56:31 PM 1:56:31 PM,00:26:47,,,,Enter Notes
2025-10-21 01:59:15 PM,80.4,63.9,40.8,28.95,912,28.96,2.3,78.8,54.4,243,80.4,session,"Session - Oct 21, 2025 1:56:31 PM",2025-10-21 01:56:31 PM 1:56:31 PM,00:26:47,,,,Enter Notes
2025-10-21 01:59:20 PM,79.7,63.1,40.6,28.95,912,28.96,2.6,77.9,53.7,243,79.7,session,"Session - Oct 21, 2025 1:56:31 PM",2025-10-21 01:56:31 PM 1:56:31 PM,00:26:47,,,,Enter Notes
2025-10-21 01:59:25 PM,79.4,63.0,40.6,28.95,908,28.96,2.1,77.5,53.4,242,79.3,session,"Session - Oct 21, 2025 1:56:31 PM",2025-10-21 01:56:31 PM 1:56:31 PM,00:26:47,,,,Enter Notes
2025-10-21 01:59:30 PM,79.0,62.8,40.6,28.95,912,28.96,3.2,77.2,53.0,242,79.0,session,"Session - Oct 21, 2025 1:56:31 PM",2025-10-21 01:56:31 PM 1:56:31 PM,00:26:47,,,,Enter Notes
2025-10-21 01:59:35 PM,78.5,62.2,40.7,28.95,908,28.96,3.4,76.5,52.6,243,78.4,session,"Session - Oct 21, 2025 1:56:31 PM",2025-10-21 01:56:31 PM 1:56:31 PM,00:26:47,,,,Enter Notes
2025-10-21 01:59:40 PM,78.0,61.9,40.8,28.96,908,28.96,3.4,75.9,52.2,242,77.9,session,"Session - Oct 21, 2025 1:56:31 PM",2025-10-21 01:56:31 PM 1:56:31 PM,00:26:47,,,,Enter Notes
2025-10-21 01:59:45 PM,77.4,61.3,40.9,28.96,908,28.96,3.0,75.2,51.8,242,77.4,session,"Session - Oct 21, 2025 1:56:31 PM",2025-10-21 01:56:31 PM 1:56:31 PM,00:26:47,,,,Enter Notes
2025-10-21 01:59:50 PM,77.3,61.5,41.2,28.96,905,28.96,1.8,75.0,51.9,243,77.2,session,"Session - Oct 21, 2025 1:56:31 PM",2025-10-21 01:56:31 PM 1:56:31 PM,00:26:47,,,,Enter Notes
2025-10-21 01:59:55 PM,77.6,61.9,41.5,28.96,905,28.96,1.3,75.6,52.3,243,77.5,session,"Session - Oct 21, 2025 1:56:31 PM",2025-10-21 01:56:31 PM 1:56:31 PM,00:26:47,,,,Enter Notes
2025-10-21 02:00:00 PM,78.5,62.6,42.0,28.96,905,28.96,0.8,76.6,53.5,243,78.4,session,"Session - Oct 21, 2025 1:56:31 PM",2025-10-21 01:56:31 PM 1:56:31 PM,00:26:47,,,,Enter Notes
2025-10-21 02:00:05 PM,79.1,63.1,42.3,28.96,905,28.96,0.8,77.4,54.2,243,79.0,session,"Session - Oct 21, 2025 1:56:31 PM",2025-10-21 01:56:31 PM 1:56:31 PM,00:26:47,,,,Enter Notes
2025-10-21 02:00:10 PM,79.8,63.9,42.6,28.96,903,28.96,0.0,78.3,55.1,243,79.7,session,"Session - Oct 21, 2025 1:56:31 PM",2025-10-21 01:56:31 PM 1:56:31 PM,00:26:47,,,,Enter Notes
2025-10-21 02:00:15 PM,80.5,64.6,42.7,28.96,903,28.97,0.9,79.2,55.8,243,80.4,session,"Session - Oct 21, 2025 1:56:31 PM",2025-10-21 01:56:31 PM 1:56:31 PM,00:26:47,,,,Enter Notes
2025-10-21 02:00:20 PM,81.1,65.1,42.8,28.96,903,28.96,0.9,79.9,56.4,243,81.1,session,"Session - Oct 21, 2025 1:56:31 PM",2025-10-21 01:56:31 PM 1:56:31 PM,00:26:47,,,,Enter Notes
2025-10-21 02:00:25 PM,81.4,65.3,42.8,28.96,903,28.96,0.0,80.2,56.6,243,81.3,session,"Session - Oct 21, 2025 1:56:31 PM",2025-10-21 01:56:31 PM 1:56:31 PM,00:26:47,,,,Enter Notes
2025-10-21 02:00:30 PM,81.6,65.3,42.6,28.97,903,28.97,0.0,80.4,56.6,243,81.5,session,"Session - Oct 21, 2025 1:56:31 PM",2025-10-21 01:56:31 PM 1:56:31 PM,00:26:47,,,,Enter Notes
2025-10-21 02:00:35 PM,81.7,65.3,42.5,28.97,900,28.97,0.0,80.6,56.7,243,81.7,session,"Session - Oct 21, 2025 1:56:31 PM",2025-10-21 01:56:31 PM 1:56:31 PM,00:26:47,,,,Enter Notes
2025-10-21 02:00:40 PM,82.0,65.7,42.4,28.97,903,28.97,0.0,81.0,56.9,242,82.0,session,"Session - Oct 21, 2025 1:56:31 PM",2025-10-21 01:56:31 PM 1:56:31 PM,00:26:47,,,,Enter Notes
2025-10-21 02:00:45 PM,82.4,65.8,42.3,28.97,900,28.97,0.0,81.3,57.2,243,82.2,session,"Session - Oct 21, 2025 1:56:31 PM",2025-10-21 01:56:31 PM 1:56:31 PM,00:26:47,,,,Enter Notes
2025-10-21 02:00:50 PM,83.0,66.4,42.5,28.97,900,28.97,0.0,82.4,57.8,243,82.9,session,"Session - Oct 21, 2025 1:56:31 PM",2025-10-21 01:56:31 PM 1:56:31 PM,00:26:47,,,,Enter Notes
2025-10-21 02:00:55 PM,83.3,66.7,42.7,28.96,903,28.97,0.0,82.9,58.3,243,83.3,session,"Session - Oct 21, 2025 1:56:31 PM",2025-10-21 01:56:31 PM 1:56:31 PM,00:26:47,,,,Enter Notes
2025-10-21 02:01:00 PM,83.4,66.9,42.7,28.97,903,28.97,0.9,82.9,58.4,243,83.3,session,"Session - Oct 21, 2025 1:56:31 PM",2025-10-21 01:56:31 PM 1:56:31 PM,00:26:47,,,,Enter Notes
2025-10-21 02:01:05 PM,83.2,66.6,42.5,28.97,900,28.97,1.0,82.6,58.0,243,83.1,session,"Session - Oct 21, 2025 1:56:31 PM",2025-10-21 01:56:31 PM 1:56:31 PM,00:26:47,,,,Enter Notes
2025-10-21 02:01:10 PM,83.2,66.4,41.8,28.97,900,28.97,1.6,82.4,57.7,243,83.1,session,"Session - Oct 21, 2025 1:56:31 PM",2025-10-21 01:56:31 PM 1:56:31 PM,00:26:47,,,,Enter Notes
2025-10-21 02:01:15 PM,83.0,66.2,41.5,28.97,900,28.97,1.5,82.0,57.2,243,82.9,session,"Session - Oct 21, 2025 1:56:31 PM",2025-10-21 01:56:31 PM 1:56:31 PM,00:26:47,,,,Enter Notes
2025-10-21 02:01:20 PM,83.2,66.2,41.1,28.97,900,28.97,2.0,82.4,57.1,243,83.1,session,"Session - Oct 21, 2025 1:56:31 PM",2025-10-21 01:56:31 PM 1:56:31 PM,00:26:47,,,,Enter Notes
2025-10-21 02:01:25 PM,83.2,66.0,41.0,28.97,900,28.97,2.0,82.4,57.1,243,83.1,session,"Session - Oct 21, 2025 1:56:31 PM",2025-10-21 01:56:31 PM 1:56:31 PM,00:26:47,,,,Enter Notes
2025-10-21 02:01:30 PM,83.0,65.7,40.5,28.97,900,28.97,2.3,81.9,56.5,243,82.9,session,"Session - Oct 21, 2025 1:56:31 PM",2025-10-21 01:56:31 PM 1:56:31 PM,00:26:47,,,,Enter Notes
2025-10-21 02:01:35 PM,82.8,65.5,40.1,28.97,900,28.97,1.8,81.7,56.1,243,82.8,session,"Session - Oct 21, 2025 1:56:31 PM",2025-10-21 01:56:31 PM 1:56:31 PM,00:26:47,,,,Enter Notes
2025-10-21 02:01:40 PM,82.2,64.8,39.6,28.97,900,28.97,2.3,80.8,55.2,243,82.2,session,"Session - Oct 21, 2025 1:56:31 PM",2025-10-21 01:56:31 PM 1:56:31 PM,00:26:47,,,,Enter Notes
2025-10-21 02:01:45 PM,80.9,63.7,39.4,28.97,900,28.97,2.6,79.0,53.9,243,80.8,session,"Session - Oct 21, 2025 1:56:31 PM",2025-10-21 01:56:31 PM 1:56:31 PM,00:26:47,,,,Enter Notes
2025-10-21 02:01:50 PM,80.7,63.5,39.3,28.97,900,28.97,1.9,78.8,53.7,243,80.6,session,"Session - Oct 21, 2025 1:56:31 PM",2025-10-21 01:56:31 PM 1:56:31 PM,00:26:47,,,,Enter Notes
2025-10-21 02:01:55 PM,80.8,63.5,39.4,28.97,900,28.97,1.4,79.0,53.8,243,80.8,session,"Session - Oct 21, 2025 1:56:31 PM",2025-10-21 01:56:31 PM 1:56:31 PM,00:26:47,,,,Enter Notes
2025-10-21 02:02:00 PM,81.1,63.9,39.4,28.97,900,28.97,1.2,79.2,54.0,243,81.0,session,"Session - Oct 21, 2025 1:56:31 PM",2025-10-21 01:56:31 PM 1:56:31 PM,00:26:47,,,,Enter Notes
2025-10-21 02:02:05 PM,81.6,64.4,39.6,28.97,900,28.97,1.2,79.9,54.7,242,81.5,session,"Session - Oct 21, 2025 1:56:31 PM",2025-10-21 01:56:31 PM 1:56:31 PM,00:26:47,,,,Enter Notes
2025-10-21 02:02:10 PM,81.7,64.6,40.0,28.97,900,28.97,1.6,80.1,55.0,243,81.7,session,"Session - Oct 21, 2025 1:56:31 PM",2025-10-21 01:56:31 PM 1:56:31 PM,00:26:47,,,,Enter Notes
2025-10-21 02:02:15 PM,81.8,64.6,40.0,28.97,900,28.97,1.5,80.2,55.1,242,81.7,session,"Session - Oct 21, 2025 1:56:31 PM",2025-10-21 01:56:31 PM 1:56:31 PM,00:26:47,,,,Enter Notes
2025-10-21 02:02:20 PM,81.9,64.6,40.0,28.97,903,28.97,0.9,80.4,55.3,243,81.9,session,"Session - Oct 21, 2025 1:56:31 PM",2025-10-21 01:56:31 PM 1:56:31 PM,00:26:47,,,,Enter Notes
2025-10-21 02:02:25 PM,82.3,64.9,40.0,28.96,903,28.96,0.8,81.0,55.6,243,82.2,session,"Session - Oct 21, 2025 1:56:31 PM",2025-10-21 01:56:31 PM 1:56:31 PM,00:26:47,,,,Enter Notes
2025-10-21 02:02:30 PM,82.1,64.8,40.1,28.96,903,28.96,0.9,80.6,55.4,243,82.0,session,"Session - Oct 21, 2025 1:56:31 PM",2025-10-21 01:56:31 PM 1:56:31 PM,00:26:47,,,,Enter Notes
2025-10-21 02:02:35 PM,81.8,64.6,40.0,28.96,903,28.96,1.4,80.1,55.1,243,81.7,session,"Session - Oct 21, 2025 1:56:31 PM",2025-10-21 01:56:31 PM 1:56:31 PM,00:26:47,,,,Enter Notes
2025-10-21 02:02:40 PM,80.9,63.9,40.0,28.96,908,28.96,0.9,79.0,54.3,243,80.8,session,"Session - Oct 21, 2025 1:56:31 PM",2025-10-21 01:56:31 PM 1:56:31 PM,00:26:47,,,,Enter Notes
2025-10-21 02:02:45 PM,79.8,63.0,40.0,28.95,908,28.96,1.0,77.7,53.3,243,79.7,session,"Session - Oct 21, 2025 1:56:31 PM",2025-10-21 01:56:31 PM 1:56:31 PM,00:26:47,,,,Enter Notes
2025-10-21 02:02:50 PM,80.3,63.5,40.2,28.95,912,28.96,0.0,78.6,53.9,243,80.2,session,"Session - Oct 21, 2025 1:56:31 PM",2025-10-21 01:56:31 PM 1:56:31 PM,00:26:47,,,,Enter Notes
2025-10-21 02:02:55 PM,81.2,64.4,40.5,28.95,908,28.96,1.2,79.7,55.0,242,81.1,session,"Session - Oct 21, 2025 1:56:31 PM",2025-10-21 01:56:31 PM 1:56:31 PM,00:26:47,,,,Enter Notes
2025-10-21 02:03:00 PM,81.3,64.6,40.7,28.95,912,28.95,2.3,79.7,55.2,243,81.1,session,"Session - Oct 21, 2025 1:56:31 PM",2025-10-21 01:56:31 PM 1:56:31 PM,00:26:47,,,,Enter Notes
2025-10-21 02:03:05 PM,81.3,64.6,40.7,28.95,912,28.95,2.0,79.9,55.1,243,81.3,session,"Session - Oct 21, 2025 1:56:31 PM",2025-10-21 01:56:31 PM 1:56:31 PM,00:26:47,,,,Enter Notes
2025-10-21 02:03:10 PM,81.5,64.6,40.4,28.95,915,28.95,1.8,80.1,55.2,243,81.5,session,"Session - Oct 21, 2025 1:56:31 PM",2025-10-21 01:56:31 PM 1:56:31 PM,00:26:47,,,,Enter Notes
2025-10-21 02:03:15 PM,80.7,63.9,40.3,28.95,915,28.95,2.0,79.0,54.4,243,80.6,session,"Session - Oct 21, 2025 1:56:31 PM",2025-10-21 01:56:31 PM 1:56:31 PM,00:26:47,,,,Enter Notes
2025-10-21 02:03:20 PM,80.5,63.7,40.2,28.95,915,28.95,1.9,78.8,54.1,243,80.4,session,"Session - Oct 21, 2025 1:56:31 PM",2025-10-21 01:56:31 PM 1:56:31 PM,00:26:47,,,,Enter Notes
2025-10-21 02:03:25 PM,80.4,63.5,40.2,28.95,915,28.95,1.5,78.8,54.0,243,80.4,session,"Session - Oct 21, 2025 1:56:31 PM",2025-10-21 01:56:31 PM 1:56:31 PM,00:26:47,,,,Enter Notes
2025-10-21 02:03:30 PM,80.6,63.7,40.2,28.95,915,28.95,1.0,79.0,54.2,243,80.6,session,"Session - Oct 21, 2025 1:56:31 PM",2025-10-21 01:56:31 PM 1:56:31 PM,00:26:47,,,,Enter Notes
2025-10-21 02:03:35 PM,81.1,64.2,40.1,28.95,915,28.95,1.0,79.7,54.6,242,81.1,session,"Session - Oct 21, 2025 1:56:31 PM",2025-10-21 01:56:31 PM 1:56:31 PM,00:26:47,,,,Enter Notes
2025-10-21 02:03:40 PM,80.9,64.0,40.1,28.95,916,28.95,2.6,79.2,54.4,243,80.8,session,"Session - Oct 21, 2025 1:56:31 PM",2025-10-21 01:56:31 PM 1:56:31 PM,00:26:47,,,,Enter Notes
2025-10-21 02:03:45 PM,80.2,63.3,40.1,28.95,920,28.95,3.0,78.4,53.7,243,80.1,session,"Session - Oct 21, 2025 1:56:31 PM",2025-10-21 01:56:31 PM 1:56:31 PM,00:26:47,,,,Enter Notes
2025-10-21 02:03:50 PM,79.5,63.0,40.2,28.95,920,28.95,2.6,77.5,53.2,243,79.3,session,"Session - Oct 21, 2025 1:56:31 PM",2025-10-21 01:56:31 PM 1:56:31 PM,00:26:47,,,,Enter Notes
2025-10-21 02:03:55 PM,78.9,62.6,40.3,28.95,920,28.95,2.0,77.0,52.8,243,78.8,session,"Session - Oct 21, 2025 1:56:31 PM",2025-10-21 01:56:31 PM 1:56:31 PM,00:26:47,,,,Enter Notes
2025-10-21 02:04:00 PM,78.3,62.1,40.5,28.95,920,28.95,2.0,76.3,52.4,243,78.3,session,"Session - Oct 21, 2025 1:56:31 PM",2025-10-21 01:56:31 PM 1:56:31 PM,00:26:47,,,,Enter Notes
2025-10-21 02:04:05 PM,78.5,62.2,40.7,28.95,922,28.94,1.9,76.5,52.6,243,78.4,session,"Session - Oct 21, 2025 1:56:31 PM",2025-10-21 01:56:31 PM 1:56:31 PM,00:26:47,,,,Enter Notes
2025-10-21 02:04:10 PM,78.2,62.2,41.0,28.94,926,28.94,3.8,76.1,52.6,243,78.1,session,"Session - Oct 21, 2025 1:56:31 PM",2025-10-21 01:56:31 PM 1:56:31 PM,00:26:47,,,,Enter Notes
2025-10-21 02:04:15 PM,78.4,62.4,41.2,28.94,922,28.94,2.4,76.3,52.8,243,78.3,session,"Session - Oct 21, 2025 1:56:31 PM",2025-10-21 01:56:31 PM 1:56:31 PM,00:26:47,,,,Enter Notes
2025-10-21 02:04:20 PM,79.2,63.0,41.5,28.94,926,28.94,1.2,77.4,53.8,243,79.2,session,"Session - Oct 21, 2025 1:56:31 PM",2025-10-21 01:56:31 PM 1:56:31 PM,00:26:47,,,,Enter Notes
2025-10-21 02:04:25 PM,79.8,63.7,41.9,28.94,927,28.94,0.0,78.1,54.7,243,79.7,session,"Session - Oct 21, 2025 1:56:31 PM",2025-10-21 01:56:31 PM 1:56:31 PM,00:26:47,,,,Enter Notes
2025-10-21 02:04:30 PM,80.5,64.4,42.5,28.94,927,28.94,1.0,79.2,55.6,243,80.4,session,"Session - Oct 21, 2025 1:56:31 PM",2025-10-21 01:56:31 PM 1:56:31 PM,00:26:47,,,,Enter Notes
2025-10-21 02:04:35 PM,80.8,64.8,42.6,28.94,931,28.94,1.1,79.5,56.0,243,80.8,session,"Session - Oct 21, 2025 1:56:31 PM",2025-10-21 01:56:31 PM 1:56:31 PM,00:26:47,,,,Enter Notes
2025-10-21 02:04:40 PM,81.3,65.1,42.5,28.94,927,28.94,1.1,79.9,56.3,243,81.3,session,"Session - Oct 21, 2025 1:56:31 PM",2025-10-21 01:56:31 PM 1:56:31 PM,00:26:47,,,,Enter Notes
2025-10-21 02:04:45 PM,81.4,65.3,42.4,28.93,931,28.93,1.0,80.2,56.4,243,81.3,session,"Session - Oct 21, 2025 1:56:31 PM",2025-10-21 01:56:31 PM 1:56:31 PM,00:26:47,,,,Enter Notes
2025-10-21 02:04:50 PM,81.1,64.8,42.0,28.93,931,28.93,1.5,79.5,55.9,243,81.1,session,"Session - Oct 21, 2025 1:56:31 PM",2025-10-21 01:56:31 PM 1:56:31 PM,00:26:47,,,,Enter Notes
2025-10-21 02:04:55 PM,80.7,64.2,41.7,28.93,934,28.93,2.3,79.2,55.3,243,80.6,session,"Session - Oct 21, 2025 1:56:31 PM",2025-10-21 01:56:31 PM 1:56:31 PM,00:26:47,,,,Enter Notes
2025-10-21 02:05:00 PM,80.4,64.0,41.4,28.92,936,28.93,2.1,79.0,54.8,243,80.4,session,"Session - Oct 21, 2025 1:56:31 PM",2025-10-21 01:56:31 PM 1:56:31 PM,00:26:47,,,,Enter Notes
2025-10-21 02:05:05 PM,80.5,64.0,41.4,28.92,936,28.93,1.5,79.0,54.9,243,80.4,session,"Session - Oct 21, 2025 1:56:31 PM",2025-10-21 01:56:31 PM 1:56:31 PM,00:26:47,,,,Enter Notes
2025-10-21 02:05:10 PM,81.2,64.8,41.6,28.92,936,28.93,0.9,79.7,55.7,243,81.1,session,"Session - Oct 21, 2025 1:56:31 PM",2025-10-21 01:56:31 PM 1:56:31 PM,00:26:47,,,,Enter Notes
2025-10-21 02:05:15 PM,81.8,65.3,41.8,28.93,936,28.93,1.2,80.4,56.3,242,81.7,session,"Session - Oct 21, 2025 1:56:31 PM",2025-10-21 01:56:31 PM 1:56:31 PM,00:26:47,,,,Enter Notes
2025-10-21 02:05:20 PM,81.7,65.1,41.6,28.92,939,28.92,1.8,80.4,56.2,243,81.7,session,"Session - Oct 21, 2025 1:56:31 PM",2025-10-21 01:56:31 PM 1:56:31 PM,00:26:47,,,,Enter Notes
2025-10-21 02:05:25 PM,81.8,65.3,41.5,28.92,939,28.92,2.5,80.4,56.2,243,81.7,session,"Session - Oct 21, 2025 1:56:31 PM",2025-10-21 01:56:31 PM 1:56:31 PM,00:26:47,,,,Enter Notes
2025-10-21 02:05:30 PM,81.5,64.8,41.2,28.92,942,28.92,2.7,80.1,55.7,243,81.3,session,"Session - Oct 21, 2025 1:56:31 PM",2025-10-21 01:56:31 PM 1:56:31 PM,00:26:47,,,,Enter Notes
2025-10-21 02:05:35 PM,81.4,64.6,41.0,28.92,942,28.92,2.0,79.9,55.4,242,81.3,session,"Session - Oct 21, 2025 1:56:31 PM",2025-10-21 01:56:31 PM 1:56:31 PM,00:26:47,,,,Enter Notes
2025-10-21 02:05:40 PM,81.3,64.4,40.6,28.92,942,28.92,2.3,79.7,55.1,243,81.1,session,"Session - Oct 21, 2025 1:56:31 PM",2025-10-21 01:56:31 PM 1:56:31 PM,00:26:47,,,,Enter Notes
2025-10-21 02:05:45 PM,81.0,64.0,40.5,28.92,947,28.92,3.1,79.3,54.8,243,81.0,session,"Session - Oct 21, 2025 1:56:31 PM",2025-10-21 01:56:31 PM 1:56:31 PM,00:26:47,,,,Enter Notes
2025-10-21 02:05:50 PM,80.3,63.5,40.4,28.92,950,28.92,6.0,78.6,54.0,243,80.2,session,"Session - Oct 21, 2025 1:56:31 PM",2025-10-21 01:56:31 PM 1:56:31 PM,00:26:47,,,,Enter Notes
2025-10-21 02:05:55 PM,79.6,63.0,40.4,28.92,947,28.92,4.2,77.7,53.4,242,79.5,session,"Session - Oct 21, 2025 1:56:31 PM",2025-10-21 01:56:31 PM 1:56:31 PM,00:26:47,,,,Enter Notes
2025-10-21 02:06:00 PM,80.0,63.3,40.4,28.92,950,28.92,2.0,78.1,53.7,242,79.9,session,"Session - Oct 21, 2025 1:56:31 PM",2025-10-21 01:56:31 PM 1:56:31 PM,00:26:47,,,,Enter Notes
2025-10-21 02:06:05 PM,80.1,63.5,40.4,28.91,953,28.91,3.2,78.4,53.9,243,80.1,session,"Session - Oct 21, 2025 1:56:31 PM",2025-10-21 01:56:31 PM 1:56:31 PM,00:26:47,,,,Enter Notes
2025-10-21 02:06:10 PM,80.8,64.0,40.6,28.92,950,28.92,2.9,79.2,54.7,243,80.8,session,"Session - Oct 21, 2025 1:56:31 PM",2025-10-21 01:56:31 PM 1:56:31 PM,00:26:47,,,,Enter Notes
2025-10-21 02:06:15 PM,81.3,64.6,40.7,28.92,950,28.92,2.0,79.9,55.2,243,81.3,session,"Session - Oct 21, 2025 1:56:31 PM",2025-10-21 01:56:31 PM 1:56:31 PM,00:26:47,,,,Enter Notes
2025-10-21 02:06:20 PM,81.2,64.6,40.8,28.92,947,28.92,3.5,79.7,55.2,243,81.1,session,"Session - Oct 21, 2025 1:56:31 PM",2025-10-21 01:56:31 PM 1:56:31 PM,00:26:47,,,,Enter Notes
2025-10-21 02:06:25 PM,80.8,64.0,40.7,28.92,947,28.92,1.5,79.0,54.7,242,80.6,session,"Session - Oct 21, 2025 1:56:31 PM",2025-10-21 01:56:31 PM 1:56:31 PM,00:26:47,,,,Enter Notes
2025-10-21 02:06:30 PM,80.4,63.7,40.6,28.92,947,28.92,1.3,78.6,54.3,242,80.2,session,"Session - Oct 21, 2025 1:56:31 PM",2025-10-21 01:56:31 PM 1:56:31 PM,00:26:47,,,,Enter Notes
2025-10-21 02:06:35 PM,80.0,63.5,40.5,28.92,947,28.92,1.3,78.1,53.9,242,79.9,session,"Session - Oct 21, 2025 1:56:31 PM",2025-10-21 01:56:31 PM 1:56:31 PM,00:26:47,,,,Enter Notes
2025-10-21 02:06:40 PM,80.1,63.5,40.5,28.92,945,28.92,2.2,78.4,54.0,243,80.1,session,"Session - Oct 21, 2025 1:56:31 PM",2025-10-21 01:56:31 PM 1:56:31 PM,00:26:47,,,,Enter Notes
2025-10-21 02:06:45 PM,80.3,63.5,40.5,28.92,947,28.92,1.8,78.6,54.1,242,80.2,session,"Session - Oct 21, 2025 1:56:31 PM",2025-10-21 01:56:31 PM 1:56:31 PM,00:26:47,,,,Enter Notes
2025-10-21 02:06:50 PM,80.1,63.5,40.6,28.92,945,28.92,1.8,78.4,54.0,243,80.1,session,"Session - Oct 21, 2025 1:56:31 PM",2025-10-21 01:56:31 PM 1:56:31 PM,00:26:47,,,,Enter Notes
2025-10-21 02:06:55 PM,80.0,63.5,40.5,28.92,947,28.92,2.1,78.1,53.9,243,79.9,session,"Session - Oct 21, 2025 1:56:31 PM",2025-10-21 01:56:31 PM 1:56:31 PM,00:26:47,,,,Enter Notes
2025-10-21 02:07:00 PM,79.9,63.3,40.5,28.92,947,28.92,2.2,78.1,53.8,243,79.9,session,"Session - Oct 21, 2025 1:56:31 PM",2025-10-21 01:56:31 PM 1:56:31 PM,00:26:47,,,,Enter Notes
2025-10-21 02:07:05 PM,79.8,63.3,40.6,28.92,947,28.92,2.8,77.9,53.8,242,79.7,session,"Session - Oct 21, 2025 1:56:31 PM",2025-10-21 01:56:31 PM 1:56:31 PM,00:26:47,,,,Enter Notes
2025-10-21 02:07:10 PM,79.6,63.1,40.7,28.92,947,28.92,2.2,77.7,53.6,242,79.5,session,"Session - Oct 21, 2025 1:56:31 PM",2025-10-21 01:56:31 PM 1:56:31 PM,00:26:47,,,,Enter Notes
2025-10-21 02:07:15 PM,80.2,63.7,40.9,28.92,947,28.92,1.1,78.4,54.3,243,80.1,session,"Session - Oct 21, 2025 1:56:31 PM",2025-10-21 01:56:31 PM 1:56:31 PM,00:26:47,,,,Enter Notes
2025-10-21 02:07:20 PM,80.8,64.4,41.4,28.92,947,28.92,1.0,79.2,55.1,243,80.6,session,"Session - Oct 21, 2025 1:56:31 PM",2025-10-21 01:56:31 PM 1:56:31 PM,00:26:47,,,,Enter Notes
2025-10-21 02:07:25 PM,80.7,64.2,41.4,28.92,947,28.92,2.7,79.2,55.1,243,80.6,session,"Session - Oct 21, 2025 1:56:31 PM",2025-10-21 01:56:31 PM 1:56:31 PM,00:26:47,,,,Enter Notes
2025-10-21 02:07:30 PM,80.6,64.2,41.3,28.92,947,28.92,3.8,79.2,55.0,242,80.6,session,"Session - Oct 21, 2025 1:56:31 PM",2025-10-21 01:56:31 PM 1:56:31 PM,00:26:47,,,,Enter Notes
2025-10-21 02:07:35 PM,80.6,64.0,41.2,28.92,945,28.92,3.0,79.2,54.9,242,80.6,session,"Session - Oct 21, 2025 1:56:31 PM",2025-10-21 01:56:31 PM 1:56:31 PM,00:26:47,,,,Enter Notes
2025-10-21 02:07:40 PM,80.4,64.0,41.4,28.92,945,28.92,2.0,78.6,54.8,243,80.4,session,"Session - Oct 21, 2025 1:56:31 PM",2025-10-21 01:56:31 PM 1:56:31 PM,00:26:47,,,,Enter Notes
2025-10-21 02:07:45 PM,80.4,64.0,41.4,28.92,947,28.92,1.9,79.0,54.8,242,80.4,session,"Session - Oct 21, 2025 1:56:31 PM",2025-10-21 01:56:31 PM 1:56:31 PM,00:26:47,,,,Enter Notes
2025-10-21 02:07:50 PM,80.9,64.4,41.5,28.92,947,28.92,2.2,79.3,55.3,242,80.8,session,"Session - Oct 21, 2025 1:56:31 PM",2025-10-21 01:56:31 PM 1:56:31 PM,00:26:47,,,,Enter Notes
2025-10-21 02:07:55 PM,80.5,64.0,41.5,28.92,945,28.92,2.0,79.0,55.0,243,80.4,session,"Session - Oct 21, 2025 1:56:31 PM",2025-10-21 01:56:31 PM 1:56:31 PM,00:26:47,,,,Enter Notes
2025-10-21 02:08:00 PM,80.4,64.0,41.6,28.92,945,28.92,1.2,78.6,55.0,243,80.4,session,"Session - Oct 21, 2025 1:56:31 PM",2025-10-21 01:56:31 PM 1:56:31 PM,00:26:47,,,,Enter Notes
2025-10-21 02:08:05 PM,80.3,63.9,41.6,28.92,942,28.92,1.3,78.6,54.9,242,80.2,session,"Session - Oct 21, 2025 1:56:31 PM",2025-10-21 01:56:31 PM 1:56:31 PM,00:26:47,,,,Enter Notes
2025-10-21 02:08:10 PM,80.1,63.9,41.8,28.92,945,28.92,0.8,78.6,54.9,242,80.1,session,"Session - Oct 21, 2025 1:56:31 PM",2025-10-21 01:56:31 PM 1:56:31 PM,00:26:47,,,,Enter Notes
2025-10-21 02:08:15 PM,79.8,63.7,42.0,28.92,942,28.92,0.9,78.3,54.7,242,79.7,session,"Session - Oct 21, 2025 1:56:31 PM",2025-10-21 01:56:31 PM 1:56:31 PM,00:26:47,,,,Enter Notes
2025-10-21 02:08:20 PM,80.0,64.0,42.3,28.92,942,28.92,0.0,78.4,55.1,242,79.9,session,"Session - Oct 21, 2025 1:56:31 PM",2025-10-21 01:56:31 PM 1:56:31 PM,00:26:47,,,,Enter Notes
2025-10-21 02:08:25 PM,79.9,63.9,42.5,28.92,945,28.92,0.8,78.4,55.1,242,79.9,session,"Session - Oct 21, 2025 1:56:31 PM",2025-10-21 01:56:31 PM 1:56:31 PM,00:26:47,,,,Enter Notes
2025-10-21 02:08:30 PM,79.8,63.9,42.2,28.92,945,28.92,0.9,78.3,54.8,242,79.7,session,"Session - Oct 21, 2025 1:56:31 PM",2025-10-21 01:56:31 PM 1:56:31 PM,00:26:47,,,,Enter Notes
2025-10-21 02:08:35 PM,79.6,63.7,41.9,28.92,942,28.92,0.9,77.9,54.5,242,79.5,session,"Session - Oct 21, 2025 1:56:31 PM",2025-10-21 01:56:31 PM 1:56:31 PM,00:26:47,,,,Enter Notes
2025-10-21 02:08:40 PM,79.2,63.1,41.5,28.92,942,28.92,3.1,77.4,53.9,242,79.2,session,"Session - Oct 21, 2025 1:56:31 PM",2025-10-21 01:56:31 PM 1:56:31 PM,00:26:47,,,,Enter Notes
2025-10-21 02:08:45 PM,78.0,62.2,41.3,28.92,939,28.92,3.4,75.9,52.6,242,77.9,session,"Session - Oct 21, 2025 1:56:31 PM",2025-10-21 01:56:31 PM 1:56:31 PM,00:26:47,,,,Enter Notes
2025-10-21 02:08:50 PM,77.5,61.7,41.3,28.92,939,28.93,1.1,75.6,52.2,242,77.5,session,"Session - Oct 21, 2025 1:56:31 PM",2025-10-21 01:56:31 PM 1:56:31 PM,00:26:47,,,,Enter Notes
2025-10-21 02:08:55 PM,75.9,60.4,41.4,28.92,939,28.93,1.9,73.8,50.8,242,75.9,session,"Session - Oct 21, 2025 1:56:31 PM",2025-10-21 01:56:31 PM 1:56:31 PM,00:26:47,,,,Enter Notes
2025-10-21 02:09:00 PM,75.2,60.1,41.8,28.92,939,28.93,1.6,73.2,50.5,242,75.2,session,"Session - Oct 21, 2025 1:56:31 PM",2025-10-21 01:56:31 PM 1:56:31 PM,00:26:47,,,,Enter Notes
2025-10-21 02:09:05 PM,75.4,60.4,42.1,28.92,936,28.93,0.9,73.4,50.8,243,75.4,session,"Session - Oct 21, 2025 1:56:31 PM",2025-10-21 01:56:31 PM 1:56:31 PM,00:26:47,,,,Enter Notes
2025-10-21 02:09:10 PM,75.9,60.8,42.8,28.93,934,28.93,0.9,73.8,51.7,243,75.7,session,"Session - Oct 21, 2025 1:56:31 PM",2025-10-21 01:56:31 PM 1:56:31 PM,00:26:47,,,,Enter Notes
2025-10-21 02:09:15 PM,76.5,61.5,43.2,28.93,936,28.93,0.8,74.5,52.5,242,76.5,session,"Session - Oct 21, 2025 1:56:31 PM",2025-10-21 01:56:31 PM 1:56:31 PM,00:26:47,,,,Enter Notes
2025-10-21 02:09:20 PM,77.0,62.1,43.6,28.93,936,28.93,2.2,75.2,53.2,242,77.0,session,"Session - Oct 21, 2025 1:56:31 PM",2025-10-21 01:56:31 PM 1:56:31 PM,00:26:47,,,,Enter Notes
2025-10-21 02:09:25 PM,77.5,62.4,43.7,28.93,936,28.93,2.0,75.6,53.7,242,77.5,session,"Session - Oct 21, 2025 1:56:31 PM",2025-10-21 01:56:31 PM 1:56:31 PM,00:26:47,,,,Enter Notes
2025-10-21 02:09:30 PM,77.8,62.8,43.8,28.92,936,28.93,1.0,76.1,54.1,242,77.7,session,"Session - Oct 21, 2025 1:56:31 PM",2025-10-21 01:56:31 PM 1:56:31 PM,00:26:47,,,,Enter Notes
2025-10-21 02:09:35 PM,78.0,63.0,43.9,28.93,936,28.93,1.7,76.3,54.3,241,77.9,session,"Session - Oct 21, 2025 1:56:31 PM",2025-10-21 01:56:31 PM 1:56:31 PM,00:26:47,,,,Enter Notes
2025-10-21 02:09:40 PM,78.3,63.1,44.0,28.92,939,28.93,1.5,76.6,54.6,240,78.3,session,"Session - Oct 21, 2025 1:56:31 PM",2025-10-21 01:56:31 PM 1:56:31 PM,00:26:47,,,,Enter Notes
2025-10-21 02:09:45 PM,78.4,63.3,43.9,28.92,936,28.93,1.4,76.6,54.6,240,78.3,session,"Session - Oct 21, 2025 1:56:31 PM",2025-10-21 01:56:31 PM 1:56:31 PM,00:26:47,,,,Enter Notes
2025-10-21 02:09:50 PM,78.4,63.3,43.8,28.92,936,28.93,2.1,76.6,54.6,240,78.3,session,"Session - Oct 21, 2025 1:56:31 PM",2025-10-21 01:56:31 PM 1:56:31 PM,00:26:47,,,,Enter Notes
2025-10-21 02:09:55 PM,78.1,63.0,43.8,28.92,939,28.93,2.4,76.5,54.3,239,78.1,session,"Session - Oct 21, 2025 1:56:31 PM",2025-10-21 01:56:31 PM 1:56:31 PM,00:26:47,,,,Enter Notes
2025-10-21 02:10:00 PM,77.7,62.6,43.8,28.92,939,28.92,2.3,76.1,53.9,239,77.7,session,"Session - Oct 21, 2025 1:56:31 PM",2025-10-21 01:56:31 PM 1:56:31 PM,00:26:47,,,,Enter Notes
2025-10-21 02:10:05 PM,77.5,62.4,43.7,28.92,942,28.92,1.3,75.6,53.7,240,77.5,session,"Session - Oct 21, 2025 1:56:31 PM",2025-10-21 01:56:31 PM 1:56:31 PM,00:26:47,,,,Enter Notes
2025-10-21 02:10:10 PM,77.6,62.6,43.9,28.92,939,28.92,0.8,75.9,53.9,239,77.5,session,"Session - Oct 21, 2025 1:56:31 PM",2025-10-21 01:56:31 PM 1:56:31 PM,00:26:47,,,,Enter Notes
2025-10-21 02:10:15 PM,77.5,62.6,44.1,28.92,942,28.92,0.8,75.7,53.9,239,77.4,session,"Session - Oct 21, 2025 1:56:31 PM",2025-10-21 01:56:31 PM 1:56:31 PM,00:26:47,,,,Enter Notes
2025-10-21 02:10:20 PM,77.3,62.4,44.4,28.92,945,28.92,0.8,75.4,53.9,239,77.2,session,"Session - Oct 21, 2025 1:56:31 PM",2025-10-21 01:56:31 PM 1:56:31 PM,00:26:47,,,,Enter Notes
2025-10-21 02:10:25 PM,77.1,62.2,44.5,28.92,945,28.92,0.8,75.2,53.8,240,77.0,session,"Session - Oct 21, 2025 1:56:31 PM",2025-10-21 01:56:31 PM 1:56:31 PM,00:26:47,,,,Enter Notes
2025-10-21 02:10:30 PM,77.1,62.2,44.6,28.92,945,28.92,1.7,75.2,53.8,240,77.0,session,"Session - Oct 21, 2025 1:56:31 PM",2025-10-21 01:56:31 PM 1:56:31 PM,00:26:47,,,,Enter Notes
2025-10-21 02:10:35 PM,77.1,62.2,44.4,28.92,945,28.92,2.3,75.2,53.8,240,77.0,session,"Session - Oct 21, 2025 1:56:31 PM",2025-10-21 01:56:31 PM 1:56:31 PM,00:26:47,,,,Enter Notes
2025-10-21 02:10:40 PM,77.0,62.2,44.2,28.92,945,28.92,2.1,75.2,53.6,240,77.0,session,"Session - Oct 21, 2025 1:56:31 PM",2025-10-21 01:56:31 PM 1:56:31 PM,00:26:47,,,,Enter Notes
2025-10-21 02:10:45 PM,76.8,62.1,44.1,28.92,947,28.92,1.6,75.0,53.3,240,76.8,session,"Session - Oct 21, 2025 1:56:31 PM",2025-10-21 01:56:31 PM 1:56:31 PM,00:26:47,,,,Enter Notes
2025-10-21 02:10:50 PM,76.7,61.9,44.1,28.92,945,28.92,0.9,74.8,53.2,240,76.6,session,"Session - Oct 21, 2025 1:56:31 PM",2025-10-21 01:56:31 PM 1:56:31 PM,00:26:47,,,,Enter Notes
2025-10-21 02:10:55 PM,76.6,61.9,44.2,28.92,947,28.92,1.3,74.7,53.2,240,76.5,session,"Session - Oct 21, 2025 1:56:31 PM",2025-10-21 01:56:31 PM 1:56:31 PM,00:26:47,,,,Enter Notes
2025-10-21 02:11:00 PM,76.4,61.9,44.4,28.92,947,28.92,0.8,74.5,53.2,240,76.3,session,"Session - Oct 21, 2025 1:56:31 PM",2025-10-21 01:56:31 PM 1:56:31 PM,00:26:47,,,,Enter Notes
2025-10-21 02:11:05 PM,76.4,61.9,44.6,28.92,947,28.92,0.8,74.5,53.3,239,76.3,session,"Session - Oct 21, 2025 1:56:31 PM",2025-10-21 01:56:31 PM 1:56:31 PM,00:26:47,,,,Enter Notes
2025-10-21 02:11:10 PM,76.4,62.1,45.0,28.92,947,28.92,0.0,74.7,53.5,239,76.3,session,"Session - Oct 21, 2025 1:56:31 PM",2025-10-21 01:56:31 PM 1:56:31 PM,00:26:47,,,,Enter Notes
2025-10-21 02:11:15 PM,76.3,62.1,45.3,28.92,945,28.92,2.1,74.7,53.6,239,76.3,session,"Session - Oct 21, 2025 1:56:31 PM",2025-10-21 01:56:31 PM 1:56:31 PM,00:26:47,,,,Enter Notes
2025-10-21 02:11:20 PM,76.5,62.2,45.3,28.92,947,28.92,1.7,74.8,53.7,240,76.5,session,"Session - Oct 21, 2025 1:56:31 PM",2025-10-21 01:56:31 PM 1:56:31 PM,00:26:47,,,,Enter Notes
2025-10-21 02:11:25 PM,76.7,62.2,45.3,28.92,947,28.92,2.0,75.0,54.0,240,76.6,session,"Session - Oct 21, 2025 1:56:31 PM",2025-10-21 01:56:31 PM 1:56:31 PM,00:26:47,,,,Enter Notes
2025-10-21 02:11:30 PM,76.9,62.4,45.3,28.92,945,28.92,2.0,75.2,54.1,240,76.8,session,"Session - Oct 21, 2025 1:56:31 PM",2025-10-21 01:56:31 PM 1:56:31 PM,00:26:47,,,,Enter Notes
2025-10-21 02:11:35 PM,76.7,62.2,45.2,28.92,947,28.92,3.5,75.0,53.9,240,76.6,session,"Session - Oct 21, 2025 1:56:31 PM",2025-10-21 01:56:31 PM 1:56:31 PM,00:26:47,,,,Enter Notes
2025-10-21 02:11:40 PM,76.6,62.2,45.1,28.92,945,28.92,2.7,75.0,53.8,239,76.6,session,"Session - Oct 21, 2025 1:56:31 PM",2025-10-21 01:56:31 PM 1:56:31 PM,00:26:47,,,,Enter Notes
2025-10-21 02:11:45 PM,76.8,62.2,45.1,28.92,947,28.92,2.1,75.2,53.9,240,76.8,session,"Session - Oct 21, 2025 1:56:31 PM",2025-10-21 01:56:31 PM 1:56:31 PM,00:26:47,,,,Enter Notes
2025-10-21 02:11:50 PM,77.1,62.6,45.2,28.92,947,28.92,1.2,75.4,54.3,239,77.0,session,"Session - Oct 21, 2025 1:56:31 PM",2025-10-21 01:56:31 PM 1:56:31 PM,00:26:47,,,,Enter Notes
2025-10-21 02:11:55 PM,77.4,63.0,45.4,28.92,947,28.92,0.8,75.9,54.6,239,77.4,session,"Session - Oct 21, 2025 1:56:31 PM",2025-10-21 01:56:31 PM 1:56:31 PM,00:26:47,,,,Enter Notes
2025-10-21 02:12:00 PM,77.6,63.1,45.8,28.92,947,28.92,0.0,76.1,55.1,239,77.5,session,"Session - Oct 21, 2025 1:56:31 PM",2025-10-21 01:56:31 PM 1:56:31 PM,00:26:47,,,,Enter Notes
2025-10-21 02:12:05 PM,77.6,63.3,46.1,28.92,947,28.92,0.0,76.1,55.3,239,77.5,session,"Session - Oct 21, 2025 1:56:31 PM",2025-10-21 01:56:31 PM 1:56:31 PM,00:26:47,,,,Enter Notes
2025-10-21 02:12:10 PM,77.9,63.9,46.7,28.92,947,28.92,1.0,76.3,55.9,239,77.7,session,"Session - Oct 21, 2025 1:56:31 PM",2025-10-21 01:56:31 PM 1:56:31 PM,00:26:47,,,,Enter Notes
2025-10-21 02:12:15 PM,77.9,63.9,46.9,28.92,947,28.92,0.8,76.5,56.0,240,77.7,session,"Session - Oct 21, 2025 1:56:31 PM",2025-10-21 01:56:31 PM 1:56:31 PM,00:26:47,,,,Enter Notes
2025-10-21 02:12:20 PM,77.9,63.9,47.1,28.92,947,28.92,0.0,76.5,56.1,239,77.7,session,"Session - Oct 21, 2025 1:56:31 PM",2025-10-21 01:56:31 PM 1:56:31 PM,00:26:47,,,,Enter Notes
2025-10-21 02:12:25 PM,77.8,63.9,46.9,28.91,950,28.91,0.8,76.5,55.9,240,77.7,session,"Session - Oct 21, 2025 1:56:31 PM",2025-10-21 01:56:31 PM 1:56:31 PM,00:26:47,,,,Enter Notes
2025-10-21 02:12:30 PM,77.6,63.5,46.6,28.91,950,28.91,0.9,76.1,55.5,240,77.5,session,"Session - Oct 21, 2025 1:56:31 PM",2025-10-21 01:56:31 PM 1:56:31 PM,00:26:47,,,,Enter Notes
2025-10-21 02:12:35 PM,77.6,63.3,46.4,28.92,950,28.91,0.8,76.1,55.4,239,77.5,session,"Session - Oct 21, 2025 1:56:31 PM",2025-10-21 01:56:31 PM 1:56:31 PM,00:26:47,,,,Enter Notes
2025-10-21 02:12:40 PM,77.6,63.3,46.4,28.92,950,28.91,0.8,76.1,55.4,239,77.5,session,"Session - Oct 21, 2025 1:56:31 PM",2025-10-21 01:56:31 PM 1:56:31 PM,00:26:47,,,,Enter Notes
2025-10-21 02:12:45 PM,77.8,63.7,46.5,28.91,950,28.91,0.0,76.3,55.7,239,77.7,session,"Session - Oct 21, 2025 1:56:31 PM",2025-10-21 01:56:31 PM 1:56:31 PM,00:26:47,,,,Enter Notes
2025-10-21 02:12:50 PM,78.1,64.0,47.1,28.91,953,28.91,0.0,77.0,56.4,240,78.1,session,"Session - Oct 21, 2025 1:56:31 PM",2025-10-21 01:56:31 PM 1:56:31 PM,00:26:47,,,,Enter Notes
2025-10-21 02:12:55 PM,78.3,64.4,47.5,28.91,950,28.91,0.0,77.2,56.8,240,78.3,session,"Session - Oct 21, 2025 1:56:31 PM",2025-10-21 01:56:31 PM 1:56:31 PM,00:26:47,,,,Enter Notes
2025-10-21 02:13:00 PM,78.3,64.4,47.7,28.91,953,28.91,0.0,77.2,56.9,240,78.3,session,"Session - Oct 21, 2025 1:56:31 PM",2025-10-21 01:56:31 PM 1:56:31 PM,00:26:47,,,,Enter Notes
2025-10-21 02:13:05 PM,78.6,64.6,47.8,28.91,953,28.91,0.0,77.5,57.2,240,78.4,session,"Session - Oct 21, 2025 1:56:31 PM",2025-10-21 01:56:31 PM 1:56:31 PM,00:26:47,,,,Enter Notes
2025-10-21 02:13:10 PM,78.5,64.4,47.7,28.91,953,28.91,0.8,77.5,57.0,240,78.4,session,"Session - Oct 21, 2025 1:56:31 PM",2025-10-21 01:56:31 PM 1:56:31 PM,00:26:47,,,,Enter Notes
2025-10-21 02:13:15 PM,78.7,64.6,47.6,28.91,950,28.91,0.0,77.7,57.2,240,78.6,session,"Session - Oct 21, 2025 1:56:31 PM",2025-10-21 01:56:31 PM 1:56:31 PM,00:26:47,,,,Enter Notes
2025-10-21 02:13:20 PM,78.3,64.4,47.6,28.91,953,28.91,1.4,77.2,56.8,240,78.3,session,"Session - Oct 21, 2025 1:56:31 PM",2025-10-21 01:56:31 PM 1:56:31 PM,00:26:47,,,,Enter Notes
2025-10-21 02:13:25 PM,78.1,64.0,47.1,28.91,953,28.91,2.2,77.0,56.3,240,78.1,session,"Session - Oct 21, 2025 1:56:31 PM",2025-10-21 01:56:31 PM 1:56:31 PM,00:26:47,,,,Enter Notes
2025-10-21 02:13:30 PM,78.1,63.7,46.2,28.91,953,28.91,1.3,76.8,55.7,240,78.1,session,"Session - Oct 21, 2025 1:56:31 PM",2025-10-21 01:56:31 PM 1:56:31 PM,00:26:47,,,,Enter Notes
2025-10-21 02:13:35 PM,78.3,63.9,45.9,28.91,953,28.91,0.8,77.0,55.7,240,78.3,session,"Session - Oct 21, 2025 1:56:31 PM",2025-10-21 01:56:31 PM 1:56:31 PM,00:26:47,,,,Enter Notes
2025-10-21 02:13:40 PM,78.5,63.9,45.9,28.91,953,28.91,0.9,77.2,56.0,240,78.4,session,"Session - Oct 21, 2025 1:56:31 PM",2025-10-21 01:56:31 PM 1:56:31 PM,00:26:47,,,,Enter Notes
2025-10-21 02:13:45 PM,78.4,63.9,45.9,28.91,953,28.91,0.0,77.0,55.9,240,78.3,session,"Session - Oct 21, 2025 1:56:31 PM",2025-10-21 01:56:31 PM 1:56:31 PM,00:26:47,,,,Enter Notes
2025-10-21 02:13:50 PM,78.3,63.9,45.8,28.91,953,28.91,0.8,77.0,55.7,240,78.3,session,"Session - Oct 21, 2025 1:56:31 PM",2025-10-21 01:56:31 PM 1:56:31 PM,00:26:47,,,,Enter Notes
2025-10-21 02:13:55 PM,77.7,63.3,45.8,28.91,953,28.91,1.1,76.1,55.1,240,77.5,session,"Session - Oct 21, 2025 1:56:31 PM",2025-10-21 01:56:31 PM 1:56:31 PM,00:26:47,,,,Enter Notes
2025-10-21 02:14:00 PM,77.2,62.8,45.6,28.91,953,28.91,2.1,75.6,54.6,240,77.2,session,"Session - Oct 21, 2025 1:56:31 PM",2025-10-21 01:56:31 PM 1:56:31 PM,00:26:47,,,,Enter Notes
2025-10-21 02:14:05 PM,76.7,62.2,45.4,28.91,957,28.91,2.2,75.0,54.0,240,76.6,session,"Session - Oct 21, 2025 1:56:31 PM",2025-10-21 01:56:31 PM 1:56:31 PM,00:26:47,,,,Enter Notes
2025-10-21 02:14:10 PM,76.8,62.2,45.2,28.91,953,28.91,1.2,75.2,54.0,240,76.8,session,"Session - Oct 21, 2025 1:56:31 PM",2025-10-21 01:56:31 PM 1:56:31 PM,00:26:47,,,,Enter Notes
2025-10-21 02:14:15 PM,76.9,62.4,45.4,28.91,953,28.91,0.9,75.2,54.1,240,76.8,session,"Session - Oct 21, 2025 1:56:31 PM",2025-10-21 01:56:31 PM 1:56:31 PM,00:26:47,,,,Enter Notes
2025-10-21 02:14:20 PM,76.8,62.6,45.7,28.91,957,28.91,1.7,75.0,54.3,240,76.6,session,"Session - Oct 21, 2025 1:56:31 PM",2025-10-21 01:56:31 PM 1:56:31 PM,00:26:47,,,,Enter Notes
2025-10-21 02:14:25 PM,76.7,62.4,45.7,28.91,953,28.91,1.0,75.0,54.2,240,76.6,session,"Session - Oct 21, 2025 1:56:31 PM",2025-10-21 01:56:31 PM 1:56:31 PM,00:26:47,,,,Enter Notes
2025-10-21 02:14:30 PM,76.6,62.4,45.6,28.91,953,28.91,1.9,74.8,54.1,240,76.6,session,"Session - Oct 21, 2025 1:56:31 PM",2025-10-21 01:56:31 PM 1:56:31 PM,00:26:47,,,,Enter Notes
2025-10-21 02:14:35 PM,77.0,62.6,45.7,28.91,953,28.91,1.5,75.2,54.4,240,76.8,session,"Session - Oct 21, 2025 1:56:31 PM",2025-10-21 01:56:31 PM 1:56:31 PM,00:26:47,,,,Enter Notes
2025-10-21 02:14:40 PM,77.3,63.0,45.9,28.91,953,28.91,1.5,75.7,54.8,239,77.2,session,"Session - Oct 21, 2025 1:56:31 PM",2025-10-21 01:56:31 PM 1:56:31 PM,00:26:47,,,,Enter Notes
2025-10-21 02:14:45 PM,77.8,63.5,46.3,28.91,950,28.91,0.9,76.3,55.6,239,77.7,session,"Session - Oct 21, 2025 1:56:31 PM",2025-10-21 01:56:31 PM 1:56:31 PM,00:26:47,,,,Enter Notes
2025-10-21 02:14:50 PM,78.1,64.0,47.0,28.92,950,28.92,0.8,77.0,56.2,240,78.1,session,"Session - Oct 21, 2025 1:56:31 PM",2025-10-21 01:56:31 PM 1:56:31 PM,00:26:47,,,,Enter Notes
2025-10-21 02:14:55 PM,78.3,64.2,47.4,28.91,950,28.91,0.7,77.2,56.6,240,78.3,session,"Session - Oct 21, 2025 1:56:31 PM",2025-10-21 01:56:31 PM 1:56:31 PM,00:26:47,,,,Enter Notes
2025-10-21 02:15:00 PM,78.7,64.8,47.9,28.92,950,28.92,0.8,77.7,57.3,240,78.6,session,"Session - Oct 21, 2025 1:56:31 PM",2025-10-21 01:56:31 PM 1:56:31 PM,00:26:47,,,,Enter Notes
2025-10-21 02:15:05 PM,79.0,64.9,48.1,28.92,947,28.92,0.0,78.1,57.8,240,79.0,session,"Session - Oct 21, 2025 1:56:31 PM",2025-10-21 01:56:31 PM 1:56:31 PM,00:26:47,,,,Enter Notes
2025-10-21 02:15:10 PM,78.9,64.9,48.1,28.92,947,28.92,0.8,77.9,57.7,240,78.8,session,"Session - Oct 21, 2025 1:56:31 PM",2025-10-21 01:56:31 PM 1:56:31 PM,00:26:47,,,,Enter Notes
2025-10-21 02:15:15 PM,79.1,65.1,47.9,28.92,947,28.92,0.0,78.1,57.7,240,79.0,session,"Session - Oct 21, 2025 1:56:31 PM",2025-10-21 01:56:31 PM 1:56:31 PM,00:26:47,,,,Enter Notes
2025-10-21 02:15:20 PM,79.0,64.9,47.6,28.92,945,28.92,0.8,78.1,57.4,239,79.0,session,"Session - Oct 21, 2025 1:56:31 PM",2025-10-21 01:56:31 PM 1:56:31 PM,00:26:47,,,,Enter Notes
2025-10-21 02:15:25 PM,78.9,64.8,47.4,28.92,945,28.92,1.5,77.9,57.2,239,78.8,session,"Session - Oct 21, 2025 1:56:31 PM",2025-10-21 01:56:31 PM 1:56:31 PM,00:26:47,,,,Enter Notes
2025-10-21 02:15:30 PM,78.5,64.2,46.9,28.92,942,28.92,2.2,77.4,56.5,239,78.4,session,"Session - Oct 21, 2025 1:56:31 PM",2025-10-21 01:56:31 PM 1:56:31 PM,00:26:47,,,,Enter Notes
2025-10-21 02:15:35 PM,78.1,63.9,46.5,28.92,942,28.92,2.2,76.8,56.0,239,78.1,session,"Session - Oct 21, 2025 1:56:31 PM",2025-10-21 01:56:31 PM 1:56:31 PM,00:26:47,,,,Enter Notes
2025-10-21 02:15:40 PM,77.7,63.3,46.0,28.92,939,28.92,2.1,76.1,55.2,240,77.5,session,"Session - Oct 21, 2025 1:56:31 PM",2025-10-21 01:56:31 PM 1:56:31 PM,00:26:47,,,,Enter Notes
2025-10-21 02:15:45 PM,77.8,63.3,45.7,28.92,939,28.93,1.5,76.3,55.2,240,77.7,session,"Session - Oct 21, 2025 1:56:31 PM",2025-10-21 01:56:31 PM 1:56:31 PM,00:26:47,,,,Enter Notes
2025-10-21 02:15:50 PM,78.0,63.5,45.5,28.92,936,28.93,1.4,76.5,55.3,240,77.9,session,"Session - Oct 21, 2025 1:56:31 PM",2025-10-21 01:56:31 PM 1:56:31 PM,00:26:47,,,,Enter Notes
2025-10-21 02:15:55 PM,77.5,63.1,45.5,28.93,936,28.93,1.4,75.9,54.8,240,77.5,session,"Session - Oct 21, 2025 1:56:31 PM",2025-10-21 01:56:31 PM 1:56:31 PM,00:26:47,,,,Enter Notes
2025-10-21 02:16:00 PM,77.7,63.1,45.6,28.93,934,28.93,1.1,76.1,55.0,240,77.5,session,"Session - Oct 21, 2025 1:56:31 PM",2025-10-21 01:56:31 PM 1:56:31 PM,00:26:47,,,,Enter Notes
2025-10-21 02:16:05 PM,78.0,63.5,45.8,28.93,934,28.93,0.8,76.5,55.5,240,77.9,session,"Session - Oct 21, 2025 1:56:31 PM",2025-10-21 01:56:31 PM 1:56:31 PM,00:26:47,,,,Enter Notes
2025-10-21 02:16:10 PM,78.3,63.9,46.2,28.93,931,28.93,0.0,77.0,55.9,240,78.3,session,"Session - Oct 21, 2025 1:56:31 PM",2025-10-21 01:56:31 PM 1:56:31 PM,00:26:47,,,,Enter Notes
2025-10-21 02:16:15 PM,78.3,64.0,46.4,28.94,931,28.94,0.0,77.0,56.1,240,78.3,session,"Session - Oct 21, 2025 1:56:31 PM",2025-10-21 01:56:31 PM 1:56:31 PM,00:26:47,,,,Enter Notes
2025-10-21 02:16:20 PM,78.5,64.2,46.7,28.93,931,28.94,0.0,77.2,56.4,239,78.4,session,"Session - Oct 21, 2025 1:56:31 PM",2025-10-21 01:56:31 PM 1:56:31 PM,00:26:47,,,,Enter Notes
2025-10-21 02:16:25 PM,78.7,64.4,47.0,28.94,927,28.94,0.0,77.7,56.7,239,78.6,session,"Session - Oct 21, 2025 1:56:31 PM",2025-10-21 01:56:31 PM 1:56:31 PM,00:26:47,,,,Enter Notes
2025-10-21 02:16:30 PM,78.1,64.0,47.1,28.94,927,28.94,2.6,77.0,56.3,240,78.1,session,"Session - Oct 21, 2025 1:56:31 PM",2025-10-21 01:56:31 PM 1:56:31 PM,00:26:47,,,,Enter Notes
2025-10-21 02:16:35 PM,77.7,63.7,46.8,28.94,927,28.94,1.8,76.5,55.8,239,77.7,session,"Session - Oct 21, 2025 1:56:31 PM",2025-10-21 01:56:31 PM 1:56:31 PM,00:26:47,,,,Enter Notes
2025-10-21 02:16:40 PM,77.8,63.7,46.5,28.94,927,28.94,0.9,76.3,55.7,240,77.7,session,"Session - Oct 21, 2025 1:56:31 PM",2025-10-21 01:56:31 PM 1:56:31 PM,00:26:47,,,,Enter Notes
2025-10-21 02:16:45 PM,78.0,63.9,46.5,28.94,926,28.94,1.2,76.6,55.9,240,77.9,session,"Session - Oct 21, 2025 1:56:31 PM",2025-10-21 01:56:31 PM 1:56:31 PM,00:26:47,,,,Enter Notes
2025-10-21 02:16:50 PM,77.7,63.5,46.2,28.94,926,28.94,1.1,76.3,55.5,240,77.7,session,"Session - Oct 21, 2025 1:56:31 PM",2025-10-21 01:56:31 PM 1:56:31 PM,00:26:47,,,,Enter Notes
2025-10-21 02:16:55 PM,77.7,63.3,46.0,28.95,922,28.95,0.8,76.1,55.3,240,77.5,session,"Session - Oct 21, 2025 1:56:31 PM",2025-10-21 01:56:31 PM 1:56:31 PM,00:26:47,,,,Enter Notes
2025-10-21 02:17:00 PM,77.8,63.5,46.1,28.95,920,28.95,0.8,76.3,55.4,240,77.7,session,"Session - Oct 21, 2025 1:56:31 PM",2025-10-21 01:56:31 PM 1:56:31 PM,00:26:47,,,,Enter Notes
2025-10-21 02:17:05 PM,78.0,63.7,46.2,28.95,920,28.95,0.8,76.6,55.7,240,77.9,session,"Session - Oct 21, 2025 1:56:31 PM",2025-10-21 01:56:31 PM 1:56:31 PM,00:26:47,,,,Enter Notes
2025-10-21 02:17:10 PM,78.1,63.9,46.4,28.95,920,28.95,0.8,76.8,55.9,240,78.1,session,"Session - Oct 21, 2025 1:56:31 PM",2025-10-21 01:56:31 PM 1:56:31 PM,00:26:47,,,,Enter Notes
2025-10-21 02:17:15 PM,78.0,63.7,46.4,28.95,920,28.95,0.0,76.6,55.8,240,77.9,session,"Session - Oct 21, 2025 1:56:31 PM",2025-10-21 01:56:31 PM 1:56:31 PM,00:26:47,,,,Enter Notes
2025-10-21 02:17:20 PM,78.0,63.7,46.4,28.95,916,28.95,1.3,76.6,55.8,240,77.9,session,"Session - Oct 21, 2025 1:56:31 PM",2025-10-21 01:56:31 PM 1:56:31 PM,00:26:47,,,,Enter Notes
2025-10-21 02:17:25 PM,78.2,64.0,46.5,28.95,916,28.95,1.3,76.8,56.0,240,78.1,session,"Session - Oct 21, 2025 1:56:31 PM",2025-10-21 01:56:31 PM 1:56:31 PM,00:26:47,,,,Enter Notes
2025-10-21 02:17:30 PM,78.1,63.9,46.4,28.95,916,28.95,0.0,76.8,55.9,240,78.1,session,"Session - Oct 21, 2025 1:56:31 PM",2025-10-21 01:56:31 PM 1:56:31 PM,00:26:47,,,,Enter Notes
2025-10-21 02:17:35 PM,77.8,63.7,46.3,28.95,912,28.95,0.8,76.3,55.6,240,77.7,session,"Session - Oct 21, 2025 1:56:31 PM",2025-10-21 01:56:31 PM 1:56:31 PM,00:26:47,,,,Enter Notes
2025-10-21 02:17:40 PM,77.8,63.5,46.1,28.95,915,28.95,0.8,76.3,55.4,240,77.7,session,"Session - Oct 21, 2025 1:56:31 PM",2025-10-21 01:56:31 PM 1:56:31 PM,00:26:47,,,,Enter Notes
2025-10-21 02:17:45 PM,77.7,63.5,46.0,28.95,912,28.95,0.8,76.3,55.3,240,77.7,session,"Session - Oct 21, 2025 1:56:31 PM",2025-10-21 01:56:31 PM 1:56:31 PM,00:26:47,,,,Enter Notes
2025-10-21 02:17:50 PM,77.7,63.3,45.9,28.95,912,28.95,0.0,76.3,55.3,240,77.7,session,"Session - Oct 21, 2025 1:56:31 PM",2025-10-21 01:56:31 PM 1:56:31 PM,00:26:47,,,,Enter Notes
2025-10-21 02:17:55 PM,77.6,63.3,46.0,28.95,912,28.96,0.0,76.1,55.2,239,77.5,session,"Session - Oct 21, 2025 1:56:31 PM",2025-10-21 01:56:31 PM 1:56:31 PM,00:26:47,,,,Enter Notes
2025-10-21 02:18:00 PM,77.7,63.5,46.1,28.95,908,28.96,0.8,76.1,55.3,240,77.5,session,"Session - Oct 21, 2025 1:56:31 PM",2025-10-21 01:56:31 PM 1:56:31 PM,00:26:47,,,,Enter Notes
2025-10-21 02:18:05 PM,77.7,63.5,46.2,28.96,908,28.96,0.0,76.1,55.4,240,77.5,session,"Session - Oct 21, 2025 1:56:31 PM",2025-10-21 01:56:31 PM 1:56:31 PM,00:26:47,,,,Enter Notes
2025-10-21 02:18:10 PM,78.0,63.7,46.3,28.96,908,28.96,0.0,76.6,55.7,239,77.9,session,"Session - Oct 21, 2025 1:56:31 PM",2025-10-21 01:56:31 PM 1:56:31 PM,00:26:47,,,,Enter Notes
2025-10-21 02:18:15 PM,78.0,63.7,46.3,28.96,908,28.96,0.8,76.6,55.8,239,77.9,session,"Session - Oct 21, 2025 1:56:31 PM",2025-10-21 01:56:31 PM 1:56:31 PM,00:26:47,,,,Enter Notes
2025-10-21 02:18:20 PM,78.1,63.7,46.1,28.96,908,28.96,0.8,76.8,55.7,239,78.1,session,"Session - Oct 21, 2025 1:56:31 PM",2025-10-21 01:56:31 PM 1:56:31 PM,00:26:47,,,,Enter Notes
2025-10-21 02:18:25 PM,78.2,63.9,46.0,28.96,905,28.96,0.8,76.8,55.8,239,78.1,session,"Session - Oct 21, 2025 1:56:31 PM",2025-10-21 01:56:31 PM 1:56:31 PM,00:26:47,,,,Enter Notes
2025-10-21 02:18:30 PM,78.1,63.7,46.0,28.96,903,28.96,0.8,76.8,55.7,239,78.1,session,"Session - Oct 21, 2025 1:56:31 PM",2025-10-21 01:56:31 PM 1:56:31 PM,00:26:47,,,,Enter Notes
2025-10-21 02:18:35 PM,78.1,63.7,46.0,28.96,905,28.96,1.1,76.8,55.7,239,78.1,session,"Session - Oct 21, 2025 1:56:31 PM",2025-10-21 01:56:31 PM 1:56:31 PM,00:26:47,,,,Enter Notes
2025-10-21 02:18:40 PM,78.2,63.9,45.9,28.96,905,28.96,1.5,76.6,55.7,239,78.1,session,"Session - Oct 21, 2025 1:56:31 PM",2025-10-21 01:56:31 PM 1:56:31 PM,00:26:47,,,,Enter Notes
2025-10-21 02:18:45 PM,78.2,63.7,45.7,28.96,905,28.96,3.0,76.6,55.5,239,78.1,session,"Session - Oct 21, 2025 1:56:31 PM",2025-10-21 01:56:31 PM 1:56:31 PM,00:26:47,,,,Enter Notes
2025-10-21 02:18:50 PM,77.9,63.3,45.3,28.96,905,28.96,2.5,76.5,55.1,240,77.9,session,"Session - Oct 21, 2025 1:56:31 PM",2025-10-21 01:56:31 PM 1:56:31 PM,00:26:47,,,,Enter Notes
2025-10-21 02:18:55 PM,77.8,63.1,45.2,28.96,903,28.96,2.5,76.3,54.9,239,77.7,session,"Session - Oct 21, 2025 1:56:31 PM",2025-10-21 01:56:31 PM 1:56:31 PM,00:26:47,,,,Enter Notes
2025-10-21 02:19:00 PM,78.0,63.3,45.2,28.96,905,28.96,2.4,76.5,55.0,239,77.9,session,"Session - Oct 21, 2025 1:56:31 PM",2025-10-21 01:56:31 PM 1:56:31 PM,00:26:47,,,,Enter Notes
2025-10-21 02:19:05 PM,78.0,63.3,45.1,28.96,905,28.96,2.4,76.5,55.0,239,77.9,session,"Session - Oct 21, 2025 1:56:31 PM",2025-10-21 01:56:31 PM 1:56:31 PM,00:26:47,,,,Enter Notes
2025-10-21 02:19:10 PM,77.8,63.1,45.0,28.96,905,28.96,1.9,76.1,54.8,239,77.7,session,"Session - Oct 21, 2025 1:56:31 PM",2025-10-21 01:56:31 PM 1:56:31 PM,00:26:47,,,,Enter Notes
2025-10-21 02:19:15 PM,78.0,63.1,44.9,28.96,908,28.96,1.5,76.3,54.8,239,77.9,session,"Session - Oct 21, 2025 1:56:31 PM",2025-10-21 01:56:31 PM 1:56:31 PM,00:26:47,,,,Enter Notes
2025-10-21 02:19:20 PM,78.1,63.3,45.0,28.96,905,28.96,1.4,76.5,55.0,239,78.1,session,"Session - Oct 21, 2025 1:56:31 PM",2025-10-21 01:56:31 PM 1:56:31 PM,00:26:47,,,,Enter Notes
2025-10-21 02:19:25 PM,78.2,63.5,45.1,28.96,908,28.96,1.0,76.6,55.2,239,78.1,session,"Session - Oct 21, 2025 1:56:31 PM",2025-10-21 01:56:31 PM 1:56:31 PM,00:26:47,,,,Enter Notes
2025-10-21 02:19:30 PM,78.0,63.3,45.2,28.96,905,28.96,0.8,76.5,55.1,239,77.9,session,"Session - Oct 21, 2025 1:56:31 PM",2025-10-21 01:56:31 PM 1:56:31 PM,00:26:47,,,,Enter Notes
2025-10-21 02:19:35 PM,78.1,63.5,45.3,28.96,905,28.96,0.7,76.6,55.2,239,78.1,session,"Session - Oct 21, 2025 1:56:31 PM",2025-10-21 01:56:31 PM 1:56:31 PM,00:26:47,,,,Enter Notes
2025-10-21 02:19:40 PM,77.6,63.1,45.2,28.96,905,28.96,3.3,76.1,54.7,239,77.5,session,"Session - Oct 21, 2025 1:56:31 PM",2025-10-21 01:56:31 PM 1:56:31 PM,00:26:47,,,,Enter Notes
2025-10-21 02:19:45 PM,77.0,62.4,45.0,28.96,908,28.96,1.8,75.2,54.0,239,76.8,session,"Session - Oct 21, 2025 1:56:31 PM",2025-10-21 01:56:31 PM 1:56:31 PM,00:26:47,,,,Enter Notes
2025-10-21 02:19:50 PM,77.0,62.4,45.1,28.96,908,28.96,1.1,75.4,54.1,239,77.0,session,"Session - Oct 21, 2025 1:56:31 PM",2025-10-21 01:56:31 PM 1:56:31 PM,00:26:47,,,,Enter Notes
2025-10-21 02:19:55 PM,77.1,62.6,45.3,28.95,908,28.96,0.0,75.4,54.3,239,77.0,session,"Session - Oct 21, 2025 1:56:31 PM",2025-10-21 01:56:31 PM 1:56:31 PM,00:26:47,,,,Enter Notes
2025-10-21 02:20:00 PM,77.2,62.8,45.4,28.95,908,28.96,0.0,75.6,54.5,239,77.2,session,"Session - Oct 21, 2025 1:56:31 PM",2025-10-21 01:56:31 PM 1:56:31 PM,00:26:47,,,,Enter Notes
2025-10-21 02:20:05 PM,77.3,63.0,45.6,28.95,912,28.95,0.0,75.6,54.6,239,77.2,session,"Session - Oct 21, 2025 1:56:31 PM",2025-10-21 01:56:31 PM 1:56:31 PM,00:26:47,,,,Enter Notes
2025-10-21 02:20:10 PM,77.3,63.0,45.9,28.95,912,28.96,0.9,75.7,54.8,239,77.2,session,"Session - Oct 21, 2025 1:56:31 PM",2025-10-21 01:56:31 PM 1:56:31 PM,00:26:47,,,,Enter Notes
2025-10-21 02:20:15 PM,77.3,63.0,46.1,28.95,912,28.95,0.8,75.7,54.9,239,77.2,session,"Session - Oct 21, 2025 1:56:31 PM",2025-10-21 01:56:31 PM 1:56:31 PM,00:26:47,,,,Enter Notes
2025-10-21 02:20:20 PM,77.3,63.1,46.3,28.95,915,28.95,0.8,75.7,55.1,239,77.2,session,"Session - Oct 21, 2025 1:56:31 PM",2025-10-21 01:56:31 PM 1:56:31 PM,00:26:47,,,,Enter Notes
2025-10-21 02:20:25 PM,77.3,63.1,46.3,28.95,915,28.95,0.8,75.7,55.1,239,77.2,session,"Session - Oct 21, 2025 1:56:31 PM",2025-10-21 01:56:31 PM 1:56:31 PM,00:26:47,,,,Enter Notes
2025-10-21 02:20:30 PM,77.3,63.1,46.2,28.95,915,28.95,1.0,75.7,55.1,239,77.2,session,"Session - Oct 21, 2025 1:56:31 PM",2025-10-21 01:56:31 PM 1:56:31 PM,00:26:47,,,,Enter Notes
2025-10-21 02:20:35 PM,77.4,63.1,46.3,28.95,915,28.95,0.8,75.9,55.1,239,77.4,session,"Session - Oct 21, 2025 1:56:31 PM",2025-10-21 01:56:31 PM 1:56:31 PM,00:26:47,,,,Enter Notes
2025-10-21 02:20:40 PM,77.4,63.1,46.4,28.95,916,28.95,0.8,75.9,55.2,239,77.4,session,"Session - Oct 21, 2025 1:56:31 PM",2025-10-21 01:56:31 PM 1:56:31 PM,00:26:47,,,,Enter Notes
2025-10-21 02:20:45 PM,77.1,63.1,46.4,28.95,920,28.95,0.8,75.4,55.0,239,77.0,session,"Session - Oct 21, 2025 1:56:31 PM",2025-10-21 01:56:31 PM 1:56:31 PM,00:26:47,,,,Enter Notes
2025-10-21 02:20:50 PM,77.1,63.1,46.3,28.95,916,28.95,0.0,75.4,55.0,239,77.0,session,"Session - Oct 21, 2025 1:56:31 PM",2025-10-21 01:56:31 PM 1:56:31 PM,00:26:47,,,,Enter Notes
2025-10-21 02:20:55 PM,77.0,63.0,46.3,28.95,920,28.95,0.0,75.2,54.8,239,76.8,session,"Session - Oct 21, 2025 1:56:31 PM",2025-10-21 01:56:31 PM 1:56:31 PM,00:26:47,,,,Enter Notes
2025-10-21 02:21:00 PM,77.0,63.0,46.4,28.95,920,28.95,0.0,75.4,54.9,239,77.0,session,"Session - Oct 21, 2025 1:56:31 PM",2025-10-21 01:56:31 PM 1:56:31 PM,00:26:47,,,,Enter Notes
2025-10-21 02:21:05 PM,77.1,63.1,46.5,28.95,920,28.95,0.8,75.4,55.0,239,77.0,session,"Session - Oct 21, 2025 1:56:31 PM",2025-10-21 01:56:31 PM 1:56:31 PM,00:26:47,,,,Enter Notes
2025-10-21 02:21:10 PM,77.3,63.1,46.6,28.95,920,28.95,1.2,75.7,55.2,239,77.2,session,"Session - Oct 21, 2025 1:56:31 PM",2025-10-21 01:56:31 PM 1:56:31 PM,00:26:47,,,,Enter Notes
2025-10-21 02:21:15 PM,77.1,63.1,46.6,28.95,920,28.95,0.0,75.4,55.1,239,77.0,session,"Session - Oct 21, 2025 1:56:31 PM",2025-10-21 01:56:31 PM 1:56:31 PM,00:26:47,,,,Enter Notes
2025-10-21 02:21:20 PM,77.2,63.1,46.6,28.95,920,28.95,1.6,75.7,55.2,239,77.2,session,"Session - Oct 21, 2025 1:56:31 PM",2025-10-21 01:56:31 PM 1:56:31 PM,00:26:47,,,,Enter Notes
2025-10-21 02:21:25 PM,77.1,63.0,46.5,28.95,920,28.95,2.1,75.4,55.0,240,77.0,session,"Session - Oct 21, 2025 1:56:31 PM",2025-10-21 01:56:31 PM 1:56:31 PM,00:26:47,,,,Enter Notes
2025-10-21 02:21:30 PM,76.7,62.6,46.4,28.95,916,28.95,1.9,75.0,54.6,240,76.6,session,"Session - Oct 21, 2025 1:56:31 PM",2025-10-21 01:56:31 PM 1:56:31 PM,00:26:47,,,,Enter Notes
2025-10-21 02:21:35 PM,76.8,62.8,46.3,28.95,920,28.95,1.6,75.2,54.7,240,76.8,session,"Session - Oct 21, 2025 1:56:31 PM",2025-10-21 01:56:31 PM 1:56:31 PM,00:26:47,,,,Enter Notes
2025-10-21 02:21:40 PM,76.9,62.8,46.3,28.95,920,28.95,1.5,75.2,54.7,239,76.8,session,"Session - Oct 21, 2025 1:56:31 PM",2025-10-21 01:56:31 PM 1:56:31 PM,00:26:47,,,,Enter Notes
2025-10-21 02:21:45 PM,76.7,62.6,46.2,28.95,920,28.95,1.6,75.0,54.5,240,76.6,session,"Session - Oct 21, 2025 1:56:31 PM",2025-10-21 01:56:31 PM 1:56:31 PM,00:26:47,,,,Enter Notes
2025-10-21 02:21:50 PM,76.6,62.4,46.1,28.95,916,28.95,1.2,74.8,54.3,240,76.5,session,"Session - Oct 21, 2025 1:56:31 PM",2025-10-21 01:56:31 PM 1:56:31 PM,00:26:47,,,,Enter Notes
2025-10-21 02:21:55 PM,76.4,62.4,46.1,28.95,916,28.95,1.9,74.7,54.1,240,76.3,session,"Session - Oct 21, 2025 1:56:31 PM",2025-10-21 01:56:31 PM 1:56:31 PM,00:26:47,,,,Enter Notes
2025-10-21 02:22:00 PM,76.0,62.1,46.0,28.95,916,28.95,2.1,74.3,53.7,240,75.9,session,"Session - Oct 21, 2025 1:56:31 PM",2025-10-21 01:56:31 PM 1:56:31 PM,00:26:47,,,,Enter Notes
2025-10-21 02:22:05 PM,76.1,62.1,46.0,28.95,920,28.95,1.4,74.5,53.9,240,76.1,session,"Session - Oct 21, 2025 1:56:31 PM",2025-10-21 01:56:31 PM 1:56:31 PM,00:26:47,,,,Enter Notes
2025-10-21 02:22:10 PM,76.1,62.1,46.2,28.95,920,28.95,2.6,74.5,54.0,240,76.1,session,"Session - Oct 21, 2025 1:56:31 PM",2025-10-21 01:56:31 PM 1:56:31 PM,00:26:47,,,,Enter Notes
2025-10-21 02:22:15 PM,76.0,62.1,46.2,28.95,920,28.95,1.8,74.3,53.9,239,75.9,session,"Session - Oct 21, 2025 1:56:31 PM",2025-10-21 01:56:31 PM 1:56:31 PM,00:26:47,,,,Enter Notes
2025-10-21 02:22:20 PM,76.0,62.1,46.4,28.95,916,28.95,1.0,74.3,54.0,239,75.9,session,"Session - Oct 21, 2025 1:56:31 PM",2025-10-21 01:56:31 PM 1:56:31 PM,00:26:47,,,,Enter Notes
2025-10-21 02:22:25 PM,76.1,62.2,46.5,28.95,916,28.95,1.2,74.5,54.2,239,76.1,session,"Session - Oct 21, 2025 1:56:31 PM",2025-10-21 01:56:31 PM 1:56:31 PM,00:26:47,,,,Enter Notes
2025-10-21 02:22:30 PM,76.2,62.4,46.8,28.95,915,28.95,1.3,74.7,54.3,240,76.1,session,"Session - Oct 21, 2025 1:56:31 PM",2025-10-21 01:56:31 PM 1:56:31 PM,00:26:47,,,,Enter Notes
2025-10-21 02:22:35 PM,76.2,62.4,47.0,28.95,915,28.95,0.7,74.7,54.5,239,76.1,session,"Session - Oct 21, 2025 1:56:31 PM",2025-10-21 01:56:31 PM 1:56:31 PM,00:26:47,,,,Enter Notes
2025-10-21 02:22:40 PM,76.1,62.4,47.3,28.95,916,28.95,0.8,74.7,54.6,239,76.1,session,"Session - Oct 21, 2025 1:56:31 PM",2025-10-21 01:56:31 PM 1:56:31 PM,00:26:47,,,,Enter Notes
2025-10-21 02:22:45 PM,76.1,62.6,47.9,28.95,915,28.95,0.0,74.5,54.9,239,75.9,session,"Session - Oct 21, 2025 1:56:31 PM",2025-10-21 01:56:31 PM 1:56:31 PM,00:26:47,,,,Enter Notes
2025-10-21 02:22:50 PM,75.9,62.6,48.5,28.95,915,28.95,0.0,74.5,55.1,239,75.9,session,"Session - Oct 21, 2025 1:56:31 PM",2025-10-21 01:56:31 PM 1:56:31 PM,00:26:47,,,,Enter Notes
2025-10-21 02:22:55 PM,75.7,62.4,48.4,28.95,916,28.95,0.0,74.3,54.9,239,75.6,session,"Session - Oct 21, 2025 1:56:31 PM",2025-10-21 01:56:31 PM 1:56:31 PM,00:26:47,,,,Enter Notes
2025-10-21 02:23:00 PM,75.6,62.4,48.4,28.95,915,28.95,0.0,74.3,54.8,239,75.6,session,"Session - Oct 21, 2025 1:56:31 PM",2025-10-21 01:56:31 PM 1:56:31 PM,00:26:47,,,,Enter Notes
2025-10-21 02:23:05 PM,75.3,62.2,48.6,28.95,916,28.95,0.0,73.9,54.6,239,75.2,session,"Session - Oct 21, 2025 1:56:31 PM",2025-10-21 01:56:31 PM 1:56:31 PM,00:26:47,,,,Enter Notes
2025-10-21 02:23:10 PM,75.3,62.1,48.5,28.95,916,28.95,0.0,73.9,54.5,239,75.2,session,"Session - Oct 21, 2025 1:56:31 PM",2025-10-21 01:56:31 PM 1:56:31 PM,00:26:47,,,,Enter Notes
2025-10-21 02:23:15 PM,75.5,62.2,48.6,28.95,916,28.95,0.0,74.1,54.7,239,75.4,session,"Session - Oct 21, 2025 1:56:31 PM",2025-10-21 01:56:31 PM 1:56:31 PM,00:26:47,,,,Enter Notes